Measurement Name :,20210618_Mcap_641_30C_Run1,,Generated On :,"18/06/2021, 17:27:18",,,Calibration details for Oxygen,,,Report :,"@m01:IDENTIFICATION
Serial number     : SEBX0007000641      
MUX channel       : ON - 01

PARAMETERS
Sig LED current   : 045
Ref LED current   : 095
Frequency         : 060
Sending interval  : 0000
Pulse lenght      : 06
Red REF comp.     : ON
Temperature comp. : ON

FIRMWARE
ver.4.039.A3.ST   : 04/30/07, 09:14:36
@m01:RDY

",,Other Report :,"Start Temperature : 
End Temperature        : 
Start Humidity         : 
End Humidity           : 
Ref.phase Corre        : 1
Dig. Ampl.Factor       : 
Mod. Coarse Freq.      : 
Mod. Fine Freq.        : 
Mod. Shape             : 
Mono or Stero          : 
Phase Shift            : 
Sampling Rate          : 
Temp. Corr Slop Coef   : 
",,,,,,,,,,,,,,,,,
Start Date/Time:,"18/06/2021, 16:31:26",,,,,,Batch No.:  ,PSt5-1624-01_25¡C,,,,,,,,,,,,,,,,,,,,,,,
End Date/Time:,"18/06/2021, 17:26:43",,,,,,O2_cal0 [¡],54.76,,,,,,,,,,,,,,,,,,,,,,,
User Comment :,0,,Meas. Created By :,admin,,,O2_cal2nd [¡],47.47,,,,,,,,,,,,,,,,,,,,,,,
SDR Serial No. :,S-641,,,,,,O2_T0 [¡C],24.8,,,,,,,,,,,,,,,,,,,,,,,
Parameter :,Oxygen [cO2 [µmol/L]],,,,,,O2_T2nd [¡C],24.8,,,,,,,,,,,,,,,,,,,,,,,
,,,,,,,O2_patm [mbar],965,,,,,,,,,,,,,,,,,,,,,,,
,,,,,,,O2_2nd [% a.s.],100,,,,,,,,,,,,,,,,,,,,,,,
,,,,,,,,,,,,,,,,,,,,,,,,,,,,,,,
,,,,,,,,,,,,,,,,,,,,,,,,,,,,,,,
,,,,,,,,,,,,,,,,,,,,,,,,,,,,,,,
,,,,,,,,,,,,,,,,,,,,,,,,,,,,,,,
Date/Time,Time/Min.,A1,B1,C1,D1,A2,B2,C2,D2,A3,B3,C3,D3,A4,B4,C4,D4,A5,B5,C5,D5,A6,B6,C6,D6,,Tm [¡C],p [mbar],Salinity [g/1000g],T_internal [¡C],Error
18.06.21 16:31:28,0.03,175.99,186.89,180.16,193.12,158.26,165.84,184.35,186.04,185.2,184.64,193.69,174.33,165.56,181.27,195.69,189.43,188.58,172.68,205.78,200.85,176.82,167.2,184.35,186.32,,30,965,34,30.58,965D6-(E1);
18.06.21 16:31:43,0.28,198.55,194.26,203.17,198.55,179.6,180.44,208.98,194.54,184.35,178.77,182.39,209.57,192.55,167.74,191.41,192.83,188.58,204.62,222.28,196.54,181.27,193.4,209.28,202.88,,30,965,34,30.61,965D6-(E1);
18.06.21 16:31:58,0.53,196.26,211.33,186.32,206.94,168.84,175.99,189.71,197.4,183.79,202.88,196.83,207.52,191.98,179.88,185.76,199.99,200.85,202.01,214.56,192.83,172.68,174.33,193.69,199.7,,30,965,34,30.65,965D6-(E1);
18.06.21 16:32:13,0.78,193.69,193.69,184.64,204.33,186.04,177.38,194.26,195.69,198.55,206.65,199.99,190.28,178.49,189.71,192.26,187.17,208.98,211.91,192.55,207.82,172.4,181,214.86,196.83,,30,965,34,30.68,965D6-(E1);
18.06.21 16:32:28,1.03,179.05,185.2,197.12,198.55,170.48,188.3,170.76,194.83,177.38,167.2,188.58,183.79,162.58,159.88,184.35,191.41,191.13,196.54,207.23,189.14,188.01,186.32,216.63,188.86,,30,965,34,30.69,965D6-(E1);
18.06.21 16:32:43,1.28,195.97,200.28,193.69,212.5,184.64,184.64,205.78,198.55,196.83,189.14,199.41,196.26,170.76,202.3,181.83,190.84,181.55,179.88,224.97,206.07,191.13,187.45,205.2,209.86,,30,965,34,30.72,965D6-(E1);
18.06.21 16:32:58,1.53,196.83,201.14,180.16,201.72,179.05,186.89,184.07,197.4,210.45,176.27,186.04,197.4,163.66,180.16,183.23,177.38,165.84,194.26,186.89,193.97,177.66,187.17,203.75,189.14,,30,965,34,30.75,965D6-(E1);
18.06.21 16:33:13,1.78,169.39,190.84,181.27,196.54,185.76,183.23,183.79,200.28,165.02,188.3,180.16,190.56,171.85,187.73,175.16,199.99,186.89,182.39,179.05,194.83,185.76,183.51,211.91,186.6,,30,965,34,30.78,965D6-(E1);
18.06.21 16:33:28,2.03,197.4,211.03,193.4,214.27,190.28,206.65,195.69,204.91,202.3,193.4,208.4,203.46,191.7,199.7,194.54,198.84,219.89,195.4,214.86,210.74,195.97,193.69,221.98,197.69,,30,965,34,30.82,965D6-(E1);
18.06.21 16:33:43,2.28,203.17,213.38,181.27,213.09,194.54,192.55,197.4,203.17,189.99,182.95,193.97,208.98,186.89,195.11,202.3,192.26,175.16,191.13,210.74,194.26,185.76,192.26,216.04,195.69,,30,965,34,30.83,965D6-(E1);
18.06.21 16:33:58,2.53,188.01,206.65,204.33,207.82,205.78,185.48,210.15,206.94,178.49,195.11,191.98,200.28,196.26,187.73,186.32,204.62,200.28,179.6,213.09,215.45,196.83,189.14,200.85,194.26,,30,965,34,30.86,965D6-(E1);
18.06.21 16:34:13,2.78,192.55,195.97,193.12,212.21,172.96,175.72,206.07,189.14,208.69,189.71,178.49,199.41,170.48,176.55,196.83,206.07,211.91,208.4,213.09,201.14,186.89,190.28,213.97,196.54,,30,965,34,30.88,965D6-(E1);
18.06.21 16:34:28,3.03,208.11,210.15,193.4,219.89,197.12,192.55,204.33,199.7,180.16,191.7,196.54,202.59,201.72,176.27,190.56,206.36,194.83,197.12,223.77,213.68,188.86,179.32,211.03,194.83,,30,965,34,30.91,965D6-(E1);
18.06.21 16:34:43,3.28,200.57,211.91,207.23,218.7,195.4,185.76,214.27,208.11,193.4,205.2,197.98,212.79,209.86,189.14,198.55,207.23,193.97,205.78,197.69,223.77,199.41,183.23,208.69,210.15,,30,965,34,30.93,965D6-(E1);
18.06.21 16:34:58,3.53,206.07,189.71,208.98,218.11,217.22,206.36,204.33,204.33,190.56,204.33,204.04,217.81,222.28,183.51,218.7,204.33,229.49,198.26,223.17,213.68,189.43,198.26,215.45,207.23,,30,965,34,30.97,965D6-(E1);
18.06.21 16:35:13,3.78,188.86,198.55,192.83,196.54,198.84,176.55,195.69,205.49,185.2,200.28,198.26,214.27,175.16,197.12,195.97,184.92,206.65,189.99,204.91,194.83,168.84,189.43,194.83,183.79,,30,965,34,31,965D6-(E1);
18.06.21 16:35:28,4.03,214.27,208.4,210.45,205.49,193.12,195.97,187.73,211.91,202.3,182.39,191.98,202.59,201.72,178.21,207.82,195.4,203.46,196.83,188.01,225.57,195.69,204.62,224.67,199.41,,30,965,34,31.01,965D6-(E1);
18.06.21 16:35:43,4.28,213.68,185.76,201.14,222.87,193.12,183.51,201.72,202.3,189.43,203.75,199.41,208.98,195.69,215.15,206.36,195.97,217.81,185.2,212.21,199.13,181.55,187.45,210.74,203.46,,30,965,34,31.04,965D6-(E1);
18.06.21 16:35:58,4.53,210.15,195.97,204.91,213.38,193.4,185.2,203.17,200.28,187.45,187.73,169.93,209.28,202.88,208.11,198.55,198.84,194.54,203.75,197.98,197.98,174.06,189.43,223.77,206.65,,30,965,34,31.04,965D6-(E1);
18.06.21 16:36:13,4.78,191.13,194.83,190.56,201.72,183.51,188.01,182.39,201.43,200.85,198.26,180.72,213.97,186.04,187.45,202.3,208.98,193.97,188.01,193.97,211.62,184.07,184.07,217.22,196.54,,30,965,34,31.08,965D6-(E1);
18.06.21 16:36:28,5.03,215.74,220.49,209.57,213.97,198.55,186.89,212.79,207.52,189.99,201.43,184.64,201.43,206.36,207.23,204.33,199.41,217.52,202.59,206.07,204.62,186.6,185.76,202.3,206.65,,30,965,34,31.1,965D6-(E1);
18.06.21 16:36:43,5.28,213.97,217.52,205.78,215.15,205.2,200.85,216.33,212.79,182.39,189.71,212.79,200.57,188.58,192.55,215.74,187.73,225.27,195.4,211.91,199.99,183.79,182.95,232.52,201.14,,30,965,34,31.11,965D6-(E1);
18.06.21 16:36:58,5.53,204.91,210.74,211.91,221.38,221.08,205.49,224.97,209.57,193.97,200.85,211.91,219,216.63,195.69,208.98,212.21,196.26,201.14,213.38,219,187.73,197.12,221.68,203.46,,30,965,34,31.15,965D6-(E1);
18.06.21 16:37:13,5.78,211.62,216.92,211.91,224.97,196.26,196.54,211.33,213.38,191.98,219.6,183.79,205.2,206.07,196.83,206.65,203.46,204.04,190.28,218.11,202.59,178.77,181,232.82,213.38,,30,965,34,31.15,965D6-(E1);
18.06.21 16:37:28,6.03,197.98,217.81,198.26,213.09,193.12,194.83,202.3,206.07,195.4,191.41,195.11,213.09,194.54,197.12,197.98,198.26,182.11,181,221.98,211.03,175.16,183.23,208.69,199.41,,30,965,34,31.18,965D6-(E1);
18.06.21 16:37:43,6.28,197.4,193.12,203.17,216.04,176.27,197.12,215.15,204.04,174.61,209.28,199.99,219.3,192.26,198.55,223.77,187.73,187.45,189.14,221.08,196.54,190.84,193.97,208.69,186.89,,30,965,34,31.21,965D6-(E1);
18.06.21 16:37:58,6.53,223.17,215.45,219,230.39,198.26,212.5,214.56,214.56,210.15,232.82,223.17,238.62,197.12,208.69,235.25,204.33,225.87,200.85,216.04,239.23,197.4,217.52,259.19,212.79,,30,965,34,31.22,965D6-(E1);
18.06.21 16:38:13,6.78,207.52,199.99,206.07,226.77,190.28,219.89,207.82,214.56,196.26,185.2,187.45,222.58,191.7,219.6,195.97,225.87,208.98,177.1,224.67,217.81,178.21,194.54,189.71,199.41,,30,965,34,31.25,965D6-(E1);
18.06.21 16:38:28,7.03,207.82,216.63,199.41,221.98,194.54,220.79,226.47,222.87,181.55,223.47,224.97,238.31,202.88,206.65,232.52,231.91,211.33,222.87,212.79,204.33,191.41,191.7,212.79,222.87,,30,965,34,31.26,965D6-(E1);
18.06.21 16:38:43,7.28,216.33,226.77,217.52,231.61,224.97,207.52,211.62,228.58,193.97,208.98,209.86,220.19,194.54,208.98,205.49,208.98,212.21,225.87,221.08,234.34,200.28,195.4,242.31,195.69,,30,965,34,31.29,965D6-(E1);
18.06.21 16:38:58,7.53,207.82,224.67,206.94,234.64,192.26,225.57,225.57,228.28,190.84,215.15,207.52,209.28,204.04,221.68,208.4,217.52,227.07,177.66,242.93,223.17,187.17,188.58,232.21,208.98,,30,965,34,31.32,965D6-(E1);
18.06.21 16:39:13,7.78,213.09,206.94,202.01,232.21,210.74,208.69,207.23,217.52,179.05,201.14,215.15,213.97,178.21,184.07,222.87,202.59,240.15,214.27,238.31,217.81,173.78,183.79,227.37,205.2,,30,965,34,31.33,965D6-(E1);
18.06.21 16:39:28,8.03,211.91,202.59,215.74,202.3,193.97,213.68,201.72,203.46,177.66,201.43,191.13,213.97,195.4,211.91,206.94,203.46,211.91,219,192.55,214.56,188.3,190.56,216.92,187.73,,30,965,34,31.36,965D6-(E1);
18.06.21 16:39:43,8.28,205.2,231.3,205.78,229.79,199.13,201.72,217.22,217.52,202.59,200.57,199.7,198.26,207.52,206.94,202.59,219,228.88,212.79,234.04,224.67,203.75,185.48,233.73,204.04,,30,965,34,31.39,965D6-(E1);
18.06.21 16:39:58,8.53,198.55,223.17,219.6,241.38,213.09,208.4,221.98,228.58,190.84,221.38,210.45,225.87,203.46,198.55,220.49,207.52,204.62,218.11,236.78,239.23,197.69,195.11,230.39,210.74,,30,965,34,31.41,965D6-(E1);
18.06.21 16:40:13,8.78,219,232.21,219.3,254.46,200.85,228.28,240.77,234.64,196.54,221.38,218.41,236.78,224.97,232.52,239.54,204.91,214.56,218.7,231.91,209.57,210.74,199.41,246.02,211.91,,30,965,34,31.41,965D6-(E1);
18.06.21 16:40:28,9.03,217.52,214.86,207.82,231.3,208.69,217.81,216.63,224.67,187.73,219,208.98,211.33,222.58,219.6,229.49,212.5,220.49,208.69,216.92,229.18,191.41,200.28,246.02,208.69,,30,965,34,31.43,965D6-(E1);
18.06.21 16:40:43,9.28,225.87,242.31,245.09,252.26,207.82,228.58,229.79,249.44,203.46,244.47,210.15,235.86,214.56,225.87,215.15,222.28,234.95,221.68,243.54,242,222.58,193.4,256.35,223.47,,30,965,34,31.47,965D6-(E1);
18.06.21 16:40:58,9.53,232.21,236.48,213.09,244.78,212.79,237.09,232.82,226.47,205.2,221.38,213.38,224.67,189.71,224.67,237.39,205.49,216.04,220.49,254.46,245.4,207.82,217.81,240.15,221.38,,30,965,34,31.5,965D6-(E1);
18.06.21 16:41:13,9.78,208.69,224.37,219.3,231,203.75,224.37,231.3,235.56,194.54,228.88,201.43,220.79,227.68,233.43,215.15,204.04,189.14,204.33,231.61,219.6,198.55,192.55,242.31,224.97,,30,965,34,31.51,965D6-(E1);
18.06.21 16:41:28,10.03,227.07,226.17,222.58,235.86,190.28,228.28,214.56,235.56,188.01,224.67,222.28,248.51,217.81,215.74,224.37,212.21,217.52,202.3,213.68,226.47,216.63,199.41,214.56,199.7,,30,965,34,31.53,965D6-(E1);
18.06.21 16:41:43,10.28,214.56,228.28,229.79,246.02,204.62,216.04,235.25,220.79,188.01,247.26,214.27,232.52,220.19,228.88,206.07,205.49,214.56,189.99,231.61,242.93,198.55,216.33,246.33,212.21,,30,965,34,31.55,965D6-(E1);
18.06.21 16:41:58,10.53,208.69,235.56,219,237.09,202.3,230.7,238.31,225.57,174.61,219.6,215.45,235.25,223.77,225.57,215.15,204.04,238.92,199.99,236.48,237.7,195.69,189.71,256.66,215.74,,30,965,34,31.57,965D6-(E1);
18.06.21 16:42:13,10.78,209.86,210.45,231,224.67,197.12,203.46,217.81,215.15,189.99,179.88,191.13,219,200.57,222.58,230.09,206.36,227.98,191.98,219.6,222.28,194.26,189.99,216.04,202.59,,30,965,34,31.58,965D6-(E1);
18.06.21 16:42:28,11.03,217.22,233.73,238.31,245.71,223.47,232.21,242.93,223.77,220.79,225.57,197.98,248.2,227.07,219,206.36,216.33,222.87,207.82,231.3,245.71,208.11,214.27,242,211.62,,30,965,34,31.61,965D6-(E1);
18.06.21 16:42:43,11.28,229.49,221.08,237.39,246.33,233.73,214.27,234.04,228.28,209.57,233.73,232.52,234.64,230.7,212.79,213.68,206.65,234.64,221.68,264.61,263.65,216.04,209.86,240.77,221.38,,30,965,34,31.63,965D6-(E1);
18.06.21 16:42:58,11.53,218.41,227.07,236.78,235.56,213.68,225.27,226.77,226.77,183.51,237.09,217.52,213.97,219.89,209.28,237.39,195.11,203.46,179.88,237.7,232.21,192.83,201.14,252.26,221.38,,30,965,34,31.65,965D6-(E1);
18.06.21 16:43:13,11.78,209.28,210.45,230.7,231,208.98,224.37,223.77,219,198.26,214.56,215.45,220.49,209.57,221.98,232.52,218.41,198.84,180.72,251.32,242.62,193.4,207.23,238.31,208.69,,30,965,34,31.66,965D6-(E1);
18.06.21 16:43:28,12.03,210.15,219,219.6,223.17,200.57,209.86,230.09,235.86,185.2,205.2,206.65,243.54,221.08,222.28,221.98,215.45,204.04,206.65,257.93,232.21,188.86,202.01,252.26,206.36,,30,965,34,31.68,965D6-(E1);
18.06.21 16:43:43,12.28,215.45,209.57,232.52,238.01,206.36,218.41,230.7,227.98,195.97,211.91,212.21,238.62,246.02,223.47,231.61,204.91,219.89,193.97,231.61,219.89,200.28,197.4,250.69,219.3,,30,965,34,31.71,965D6-(E1);
18.06.21 16:43:58,12.53,225.27,219.3,239.54,223.17,207.52,236.78,229.79,235.56,213.09,226.17,218.11,230.7,242.31,229.18,234.04,219.3,237.39,203.46,244.78,243.24,196.26,205.2,227.07,205.2,,30,965,34,31.72,965D6-(E1);
18.06.21 16:44:13,12.78,233.73,241.38,232.52,244.78,226.77,222.87,234.64,235.56,194.54,213.68,226.77,240.15,229.18,233.43,233.12,204.91,228.28,195.69,259.19,235.86,210.15,189.71,238.62,220.19,,30,965,34,31.75,965D6-(E1);
18.06.21 16:44:28,13.03,226.17,238.92,221.08,259.19,223.47,215.15,232.21,229.79,186.32,228.88,210.45,237.39,220.19,239.85,229.79,194.83,215.45,214.86,253.51,237.39,208.11,175.99,246.64,213.09,,30,965,34,31.76,965D6-(E1);
18.06.21 16:44:43,13.28,212.5,228.28,240.46,237.39,208.4,231.3,239.54,242.62,195.69,212.79,227.98,250.07,220.19,203.17,220.49,208.4,221.98,205.78,253.2,216.63,216.33,188.58,249.76,218.11,,30,965,34,31.79,965D6-(E1);
18.06.21 16:44:58,13.53,235.25,234.04,237.7,256.03,206.94,232.21,226.77,237.39,189.14,225.87,236.48,240.15,219.89,224.07,244.78,217.22,233.12,227.68,233.43,251.63,210.74,185.48,251.01,218.11,,30,965,34,31.79,965D6-(E1);
18.06.21 16:45:13,13.78,215.74,219.6,236.48,246.33,200.57,218.7,252.57,238.62,186.6,217.81,216.63,253.2,216.04,235.25,243.85,209.86,241.69,210.45,242.31,238.62,220.49,183.79,241.38,209.57,,30,965,34,31.82,965D6-(E1);
18.06.21 16:45:28,14.03,217.81,236.78,243.85,252.57,226.77,246.64,252.26,257.93,217.22,229.49,249.44,244.47,259.19,257.3,245.71,211.91,228.88,199.13,264.61,229.49,219,199.7,270.71,210.45,,30,965,34,31.83,965D6-(E1);
18.06.21 16:45:43,14.28,233.73,219,242,256.66,218.41,222.87,242.62,234.95,190.28,208.98,229.18,224.97,237.39,221.68,242.62,204.04,223.77,197.98,251.32,241.08,203.75,194.26,237.09,218.41,,30,965,34,31.85,965D6-(E1);
18.06.21 16:45:58,14.53,227.98,238.92,233.12,242,233.43,234.64,245.4,243.85,205.49,205.49,232.82,269.42,216.33,226.47,233.43,228.88,246.33,212.79,269.1,241.69,222.28,202.88,258.88,227.98,,30,965,34,31.86,965D6-(E1);
18.06.21 16:46:13,14.78,242,240.15,240.46,255.09,217.52,232.52,231.91,236.17,212.21,230.7,221.68,250.07,231.61,220.49,247.89,231.61,227.68,184.92,257.93,223.47,211.62,191.7,254.14,224.67,,30,965,34,31.89,965D6-(E1);
18.06.21 16:46:28,15.03,244.47,246.33,239.54,253.83,232.21,230.7,252.89,248.82,221.68,238.31,236.48,261.42,226.47,229.18,260.15,216.92,215.74,211.91,246.02,273.95,230.09,201.43,258.56,229.18,,30,965,34,31.9,965D6-(E1);
18.06.21 16:46:43,15.28,232.21,238.62,261.42,245.09,219.3,236.17,241.38,236.17,186.32,229.49,243.24,255.4,227.07,220.49,246.33,204.04,232.52,168.29,244.47,246.33,209.28,196.83,252.26,234.95,,30,965,34,31.91,965D6-(E1);
18.06.21 16:46:58,15.53,232.82,242,243.24,255.4,220.19,239.23,269.74,257.61,197.12,234.04,234.34,259.83,246.02,222.28,266.21,225.57,224.07,187.45,268.13,285.74,218.11,202.01,271.03,212.21,,30,965,34,31.93,965D6-(E1);
18.06.21 16:47:13,15.78,242.93,226.17,235.25,244.47,206.36,208.4,247.89,233.12,194.54,233.73,232.21,234.64,223.47,226.47,271.36,227.68,246.33,208.98,256.35,249.44,217.81,201.14,250.38,200.28,,30,965,34,31.94,965D6-(E1);
18.06.21 16:47:28,16.03,220.19,227.37,228.88,252.89,229.79,233.12,233.73,234.04,213.09,219.6,208.69,249.13,240.77,215.74,261.73,210.45,244.16,204.91,262.37,269.1,211.03,201.72,260.78,231,,30,965,34,31.97,965D6-(E1);
18.06.21 16:47:43,16.28,227.68,250.07,240.77,254.46,211.03,242,234.95,242.62,200.57,211.33,239.23,255.09,246.64,231.61,262.69,217.52,188.3,210.45,248.2,249.44,224.97,197.4,252.89,216.92,,30,965,34,32,965D6-(E1);
18.06.21 16:47:58,16.53,232.52,227.68,226.17,246.33,219.3,243.24,235.86,230.39,176.82,224.37,225.87,251.95,222.58,231.91,258.24,210.74,217.81,198.26,254.46,256.98,210.15,184.35,256.66,215.45,,30,965,34,32.01,965D6-(E1);
18.06.21 16:48:13,16.78,218.7,228.88,250.69,261.42,223.47,244.47,232.82,233.73,197.69,228.88,234.34,253.83,222.28,218.41,243.24,246.95,230.09,215.45,246.02,252.57,211.03,208.69,257.93,227.68,,30,965,34,32.03,965D6-(E1);
18.06.21 16:48:28,17.03,243.54,224.97,252.57,253.51,224.37,223.77,246.02,248.82,219,212.5,235.25,253.51,229.79,226.17,261.1,231,238.92,191.7,260.46,251.01,219,184.92,242,214.86,,30,965,34,32.05,965D6-(E1);
18.06.21 16:48:43,17.28,219.89,236.78,248.2,254.46,224.97,212.21,232.52,245.09,213.38,215.15,227.37,255.09,204.62,223.47,234.95,208.98,222.87,215.74,263.01,233.43,210.74,194.83,262.69,215.74,,30,965,34,32.05,965D6-(E1);
18.06.21 16:48:58,17.53,232.82,238.62,246.02,243.85,221.98,234.64,233.12,245.4,172.4,210.74,247.89,250.69,259.51,215.15,230.7,209.28,218.41,191.7,234.95,233.43,208.98,194.26,255.72,231,,30,965,34,32.08,965D6-(E1);
18.06.21 16:49:13,17.78,228.58,221.68,228.58,232.82,209.28,221.68,225.27,242.93,205.2,242.93,228.88,263.33,246.33,217.22,238.92,222.87,225.57,219.3,269.42,258.24,204.62,179.32,263.33,219.89,,30,965,34,32.1,965D6-(E1);
18.06.21 16:49:28,18.03,234.04,244.47,254.46,249.76,240.15,232.52,244.47,249.44,216.92,220.79,237.09,273.62,240.46,273.3,270.39,221.68,266.53,218.7,221.38,235.86,219,212.21,273.3,236.78,,30,965,34,32.11,965D6-(E1);
18.06.21 16:49:43,18.28,238.01,238.92,248.2,268.13,239.23,238.01,238.01,241.38,181.83,235.86,246.33,265.57,244.78,241.08,265.57,233.73,240.15,230.39,259.19,242.93,213.38,211.91,258.56,235.86,,30,965,34,32.13,965D6-(E1);
18.06.21 16:49:58,18.53,252.57,228.28,237.7,263.01,212.79,232.82,236.17,246.02,183.79,246.64,217.52,253.83,243.24,246.64,224.67,240.77,233.73,207.82,262.69,234.34,221.38,214.56,238.92,222.58,,30,965,34,32.14,965D6-(E1);
18.06.21 16:50:13,18.78,227.07,231.61,248.2,255.4,212.21,235.56,227.37,237.39,205.49,228.28,213.97,255.72,219,216.63,254.77,204.33,222.87,215.15,234.04,230.09,197.98,185.76,260.78,227.68,,30,965,34,32.15,965D6-(E1);
18.06.21 16:50:29,19.05,225.87,231.91,250.07,242,218.11,253.51,242.62,248.51,199.7,224.37,238.62,255.09,246.64,244.47,222.28,234.34,224.37,218.41,228.88,230.39,212.79,193.12,264.29,218.7,,30,965,34,32.18,965D6-(E1);
18.06.21 16:50:44,19.3,231.3,239.54,250.69,269.74,235.56,236.48,229.18,242.93,190.28,238.31,212.79,262.05,210.74,226.17,252.26,202.3,263.01,183.51,257.3,238.31,213.97,202.3,263.65,209.28,,30,965,34,32.18,965D6-(E1);
18.06.21 16:50:59,19.55,247.58,236.48,254.46,261.73,225.87,256.98,243.54,247.26,208.11,223.47,234.34,271.36,258.56,236.48,255.4,203.46,234.64,194.54,263.01,253.51,222.87,207.23,258.24,213.38,,30,965,34,32.21,965D6-(E1);
18.06.21 16:51:14,19.8,229.18,234.64,252.57,272.97,245.71,230.7,229.18,265.25,213.38,262.69,227.07,264.61,237.39,245.09,283.1,223.17,235.25,203.75,269.1,236.48,232.52,206.65,275.25,225.57,,30,965,34,32.22,965D6-(E1);
18.06.21 16:51:29,20.05,245.71,241.38,266.85,276.22,232.82,240.77,253.51,253.51,211.91,231.3,242,256.66,240.15,218.11,263.65,231.3,246.64,213.68,254.14,238.01,230.39,192.83,271.36,242.93,,30,965,34,32.24,965D6-(E1);
18.06.21 16:51:44,20.3,256.03,238.31,272,274.92,263.01,255.09,246.95,259.51,191.41,250.07,248.2,262.37,258.88,230.7,248.51,239.54,244.78,224.37,266.21,258.24,230.09,206.07,247.26,242,,30,965,34,32.25,965D6-(E1);
18.06.21 16:51:59,20.55,236.48,234.64,240.77,260.78,244.16,258.56,233.73,246.95,198.84,212.79,219.89,258.88,227.98,245.4,273.62,225.57,249.44,189.71,251.01,246.95,209.57,213.38,266.21,238.31,,30,965,34,32.26,965D6-(E1);
18.06.21 16:52:14,20.8,246.95,238.31,258.88,271.36,234.04,253.51,258.56,261.73,200.85,232.52,230.7,272,254.14,268.13,270.06,245.71,242.93,198.84,246.02,267.49,236.17,210.45,287.73,234.34,,30,965,34,32.28,965D6-(E1);
18.06.21 16:52:29,21.05,259.19,234.64,247.26,256.66,235.25,236.78,234.34,259.51,194.54,207.23,250.07,258.88,240.15,240.15,262.05,226.47,230.09,208.98,267.17,255.09,232.82,216.04,280.47,225.27,,30,965,34,32.29,965D6-(E1);
18.06.21 16:52:44,21.3,240.15,249.13,254.46,262.05,254.77,247.58,249.13,254.77,208.98,256.98,249.13,262.05,268.78,251.95,257.93,229.49,233.43,198.26,272,243.24,236.78,201.14,280.14,236.48,,30,965,34,32.32,965D6-(E1);
18.06.21 16:52:59,21.55,238.31,245.71,251.63,261.42,243.54,256.66,252.57,257.3,208.69,243.85,241.38,254.46,265.89,216.04,270.71,217.22,221.98,238.62,249.44,261.1,225.27,202.88,258.56,232.82,,30,965,34,32.33,965D6-(E1);
18.06.21 16:53:14,21.8,230.39,239.23,263.33,260.15,230.7,234.64,236.78,254.14,217.52,221.68,248.51,257.93,238.31,241.08,248.51,229.18,237.7,202.88,247.26,251.63,226.47,181.83,266.85,235.86,,30,965,34,32.33,965D6-(E1);
18.06.21 16:53:29,22.05,242.93,250.38,260.46,252.26,234.64,244.47,242.62,274.27,207.52,238.31,241.69,273.62,249.44,254.14,256.66,255.72,242.31,212.5,244.16,273.3,220.79,189.99,272,253.83,,30,965,34,32.36,965D6-(E1);
18.06.21 16:53:44,22.3,230.39,235.86,246.95,260.78,235.56,238.92,248.51,254.46,201.14,235.86,243.54,276.87,234.04,229.18,283.76,237.39,248.2,197.4,243.54,244.47,226.17,200.57,257.61,233.12,,30,965,34,32.36,965D6-(E1);
18.06.21 16:53:59,22.55,237.7,242.93,263.01,275.25,221.08,232.82,255.4,258.56,200.28,231.3,255.09,258.56,243.54,252.57,266.85,248.51,234.04,207.82,254.46,255.09,224.37,201.14,257.61,232.21,,30,965,34,32.38,965D6-(E1);
18.06.21 16:54:14,22.8,232.21,237.7,251.01,254.14,228.58,246.95,237.7,254.77,195.69,203.75,249.44,252.89,243.24,264.61,249.13,231.3,234.95,199.7,256.98,263.33,212.5,195.69,268.45,232.82,,30,965,34,32.4,965D6-(E1);
18.06.21 16:54:29,23.05,235.56,242,250.07,242,227.68,238.01,236.48,255.09,196.83,222.28,238.31,263.65,236.48,234.95,262.05,236.17,224.67,213.97,249.44,240.77,228.58,192.26,265.89,226.17,,30,965,34,32.4,965D6-(E1);
18.06.21 16:54:44,23.3,241.08,245.71,252.89,262.69,237.39,233.12,243.85,251.32,175.16,235.86,234.04,260.46,259.19,234.64,270.39,231,225.57,204.33,242,254.14,203.17,203.46,258.88,224.07,,30,965,34,32.41,965D6-(E1);
18.06.21 16:54:59,23.55,254.46,264.61,276.55,260.46,245.09,248.2,264.93,273.95,199.13,249.13,245.4,305.21,255.72,252.57,282.11,255.72,273.3,239.85,262.37,244.47,241.69,206.65,288.39,242,,30,965,34,32.43,965D6-(E1);
18.06.21 16:55:14,23.8,231.61,235.86,263.33,257.93,235.56,237.39,248.51,251.95,209.86,224.97,248.51,257.61,247.58,244.78,255.09,235.56,228.88,218.7,261.73,247.89,221.08,185.76,271.36,224.37,,30,965,34,32.43,965D6-(E1);
18.06.21 16:55:29,24.05,235.86,217.22,255.72,257.61,221.08,229.49,228.58,261.1,217.81,208.69,231,259.83,238.92,250.07,251.63,224.37,228.88,204.33,227.98,231.61,225.27,189.43,247.26,227.07,,30,965,34,32.46,965D6-(E1);
18.06.21 16:55:44,24.3,228.58,255.09,270.39,263.01,240.77,236.78,248.2,275.9,205.2,258.56,261.73,281.13,241.69,250.07,274.27,245.09,240.15,208.4,266.85,259.51,225.87,193.4,289.39,240.15,,30,965,34,32.47,965D6-(E1);
18.06.21 16:55:59,24.55,242,242.93,258.56,253.83,237.39,251.63,242.31,258.88,192.26,263.97,249.76,270.06,263.01,235.25,258.88,234.95,216.04,211.03,236.48,271.36,232.52,192.83,275.57,225.27,,30,965,34,32.47,965D6-(E1);
18.06.21 16:56:14,24.8,232.82,235.86,265.25,263.33,229.79,239.23,241.38,256.03,190.56,216.63,245.4,257.61,231.61,257.3,252.57,226.17,247.89,202.01,248.2,231.3,208.98,195.11,265.57,232.82,,30,965,34,32.5,965D6-(E1);
18.06.21 16:56:29,25.05,242.62,235.25,266.21,263.01,238.62,248.51,251.95,265.57,207.23,247.26,240.15,278.51,253.2,235.86,269.1,236.17,255.4,211.03,256.35,256.98,231.3,193.69,260.78,221.68,,30,965,34,32.51,965D6-(E1);
18.06.21 16:56:44,25.3,224.07,245.09,276.22,251.95,242,237.39,254.77,264.93,216.63,273.3,260.15,266.53,247.89,255.4,251.95,236.78,229.18,210.45,280.14,264.29,230.09,204.04,272.33,238.01,,30,965,34,32.51,965D6-(E1);
18.06.21 16:56:59,25.55,239.23,249.13,276.22,254.77,228.88,249.13,248.82,268.45,196.83,246.33,236.17,262.05,271.68,242.93,282.77,221.68,254.77,213.09,255.09,286.4,219.6,206.94,276.55,228.58,,30,965,34,32.54,965D6-(E1);
18.06.21 16:57:14,25.8,236.17,246.95,266.53,249.76,226.77,234.04,249.44,267.17,205.2,242.62,250.38,263.01,252.57,253.51,254.77,242.31,241.38,211.62,267.81,262.05,215.45,188.86,267.49,224.97,,30,965,34,32.54,965D6-(E1);
18.06.21 16:57:29,26.05,226.17,229.49,247.58,256.35,221.38,246.33,246.64,258.88,192.83,206.36,241.69,274.92,237.39,225.27,266.85,235.86,226.47,181.27,245.4,262.37,223.47,202.01,257.61,208.4,,30,965,34,32.55,965D6-(E1);
18.06.21 16:57:44,26.3,221.68,226.47,254.14,253.51,230.7,246.33,250.69,259.83,197.69,204.33,245.09,276.87,242,238.31,259.51,216.04,221.68,198.26,254.46,207.82,206.07,204.33,280.47,223.77,,30,965,34,32.57,965D6-(E1);
18.06.21 16:57:59,26.55,230.39,228.58,248.82,258.56,245.09,270.39,227.37,258.88,188.86,258.88,248.82,249.76,229.49,250.07,271.68,226.17,244.47,212.21,258.56,253.83,215.74,197.69,260.78,225.87,,30,965,34,32.58,965D6-(E1);
18.06.21 16:58:14,26.8,228.88,223.77,252.26,242.31,225.57,240.77,242.93,274.27,195.97,236.48,249.44,261.1,228.58,238.92,253.2,217.81,237.09,196.54,257.61,249.76,212.21,200.28,263.65,226.17,,30,965,34,32.6,965D6-(E1);
18.06.21 16:58:29,27.05,238.62,242,266.85,265.57,245.4,254.46,247.89,264.29,199.99,251.63,248.2,264.93,257.93,239.85,274.6,241.08,234.34,216.92,272.97,248.2,217.22,209.86,274.6,242,,30,965,34,32.61,965D6-(E1);
18.06.21 16:58:44,27.3,246.95,242.31,273.3,267.49,240.15,252.26,249.76,268.78,204.04,239.54,243.24,264.61,250.69,241.38,257.93,234.95,250.38,194.26,267.49,251.01,230.09,186.32,275.9,231.91,,30,965,34,32.61,965D6-(E1);
18.06.21 16:58:59,27.55,254.77,235.56,268.45,266.85,232.21,243.54,251.32,280.47,206.94,242.31,256.98,266.53,255.4,246.33,263.33,229.79,235.56,191.7,281.46,255.72,233.12,201.72,282.44,233.43,,30,965,34,32.64,965D6-(E1);
18.06.21 16:59:14,27.8,232.21,215.74,260.46,268.78,255.09,250.38,246.64,286.07,188.01,262.69,261.73,265.89,292.05,243.24,264.93,237.09,247.89,197.12,242.93,248.82,234.34,204.33,268.13,227.98,,30,965,34,32.64,965D6-(E1);
18.06.21 16:59:29,28.05,246.02,230.09,270.71,279.49,242,260.78,254.77,281.78,208.69,264.29,264.29,259.51,257.93,265.25,275.57,239.85,247.58,212.79,256.98,250.69,225.27,200.57,271.03,232.82,,30,965,34,32.65,965D6-(E1);
18.06.21 16:59:44,28.3,250.38,234.34,269.74,263.33,242.31,265.25,247.26,275.25,198.26,247.89,273.95,292.05,279.82,250.07,273.3,244.78,225.27,207.23,257.61,241.08,243.24,202.3,276.22,244.16,,30,965,34,32.66,965D6-(E1);
18.06.21 16:59:59,28.55,231,237.09,270.71,272.65,241.08,266.85,254.46,268.13,186.6,236.17,259.19,289.39,283.43,249.44,286.73,252.57,273.95,203.46,268.78,249.44,224.37,211.03,291.39,244.78,,30,965,34,32.68,965D6-(E1);
18.06.21 17:00:14,28.8,230.39,239.54,281.78,258.56,223.77,248.2,260.15,263.65,198.55,263.33,267.49,274.92,255.09,249.13,265.25,249.44,229.79,198.84,245.71,264.61,220.79,206.36,287.73,239.23,,30,965,34,32.68,965D6-(E1);
18.06.21 17:00:29,29.05,232.52,238.01,271.36,247.89,241.38,248.51,250.07,281.46,193.4,242.31,251.95,259.51,225.87,260.46,286.4,244.47,274.27,205.49,255.4,251.01,221.68,192.26,269.42,240.77,,30,965,34,32.69,965D6-(E1);
18.06.21 17:00:44,29.3,247.26,248.82,267.17,255.4,220.19,238.92,257.61,266.21,225.87,244.47,250.07,274.6,266.21,254.77,283.76,224.37,254.14,188.86,261.42,272,231,204.91,281.46,237.09,,30,965,34,32.71,965D6-(E1);
18.06.21 17:00:59,29.55,232.82,242.93,259.19,254.77,244.16,282.77,263.01,273.62,210.74,246.33,256.03,263.65,248.82,245.71,270.71,238.92,235.56,205.2,232.52,253.83,229.79,193.69,288.39,236.48,,30,965,34,32.72,965D6-(E1);
18.06.21 17:01:14,29.8,251.63,230.09,261.73,266.21,247.26,252.89,247.26,263.01,196.83,242.62,243.54,276.87,251.63,280.8,261.42,229.18,254.46,197.12,267.49,264.61,238.31,211.03,282.44,248.51,,30,965,34,32.72,965D6-(E1);
18.06.21 17:01:29,30.05,259.51,244.78,290.72,271.03,249.13,253.2,264.29,270.71,191.41,237.7,263.33,271.36,236.48,253.2,298.09,241.08,251.63,196.26,267.81,238.01,253.2,192.26,268.13,253.51,,30,965,34,32.74,965D6-(E1);
18.06.21 17:01:44,30.3,239.85,240.77,281.78,271.68,242.93,268.45,264.61,288.06,213.38,254.14,269.1,271.36,277.85,250.07,278.18,246.95,237.39,204.91,254.46,250.69,251.63,186.89,289.39,246.64,,30,965,34,32.76,965D6-(E1);
18.06.21 17:01:59,30.55,257.93,217.52,264.29,259.19,249.76,251.32,233.12,264.29,193.97,229.49,227.68,250.69,241.08,247.26,271.36,235.25,226.17,189.71,292.39,266.53,215.45,190.84,265.89,236.78,,30,965,34,32.76,965D6-(E1);
18.06.21 17:02:14,30.8,224.37,245.4,261.42,264.93,238.62,222.58,264.29,259.51,183.23,273.95,280.14,270.39,232.82,242.93,260.15,239.23,208.4,191.7,267.17,259.51,227.37,198.55,268.13,235.86,,30,965,34,32.76,965D6-(E1);
18.06.21 17:02:29,31.05,237.39,229.18,263.33,258.24,242,249.44,253.83,260.46,182.95,216.63,261.42,273.95,252.26,251.63,271.68,231.3,218.11,204.33,267.17,242.62,227.07,198.84,284.42,253.2,,30,965,34,32.78,965D6-(E1);
18.06.21 17:02:44,31.3,245.4,240.77,273.62,258.24,251.01,282.77,267.17,272.33,229.79,281.78,260.46,298.09,253.51,260.78,304.19,253.83,218.7,205.49,269.74,289.72,227.68,207.23,285.74,249.13,,30,965,34,32.79,965D6-(E1);
18.06.21 17:02:59,31.55,238.31,246.95,278.51,259.19,255.09,246.95,258.56,285.74,216.63,233.43,250.07,273.95,267.81,245.4,294.73,268.13,251.95,225.87,251.32,223.17,231.3,204.33,266.21,241.08,,30,965,34,32.8,965D6-(E1);
18.06.21 17:03:14,31.8,263.65,259.19,275.57,277.53,248.2,256.35,258.56,273.62,198.84,244.47,270.39,288.39,277.85,269.1,279.49,246.33,261.1,226.17,274.6,276.22,242,189.71,276.87,256.98,,30,965,34,32.8,965D6-(E1);
18.06.21 17:03:29,32.05,245.09,234.95,269.1,262.69,244.47,249.76,262.05,269.74,209.86,231.91,270.39,292.39,236.78,247.58,266.21,254.14,242.62,203.17,253.2,265.25,220.19,213.68,286.07,230.7,,30,965,34,32.83,965D6-(E1);
18.06.21 17:03:44,32.3,237.09,242.62,263.97,254.77,243.85,251.63,268.45,268.78,214.27,245.09,265.25,272.33,269.1,243.54,277.2,244.16,241.69,186.32,265.25,275.9,221.68,216.63,270.71,234.04,,30,965,34,32.83,965D6-(E1);
18.06.21 17:03:59,32.55,232.82,249.44,274.92,261.42,253.51,258.24,272,278.51,218.41,234.04,270.06,281.78,269.74,256.35,290.72,228.28,243.54,211.03,240.15,238.01,239.23,211.62,280.47,236.17,,30,965,34,32.83,965D6-(E1);
18.06.21 17:04:14,32.8,234.04,236.48,261.73,253.83,251.01,241.69,263.97,266.85,191.7,231.91,253.2,269.74,248.51,241.38,268.78,248.51,231.91,194.54,242.62,256.98,226.47,198.55,260.78,227.07,,30,965,34,32.86,965D6-(E1);
18.06.21 17:04:29,33.05,246.64,248.51,275.57,262.05,244.16,251.95,264.61,279.16,208.69,236.78,263.01,284.75,237.39,258.24,295.74,259.51,267.81,197.4,264.29,271.03,238.92,201.43,277.85,262.69,,30,965,34,32.86,965D6-(E1);
18.06.21 17:04:44,33.3,257.93,248.82,285.74,265.89,245.71,263.01,266.53,283.43,211.03,227.07,272.65,289.72,252.26,250.07,290.72,261.1,236.48,205.49,267.81,272.33,222.58,204.04,315.87,258.24,,30,965,34,32.88,965D6-(E1);
18.06.21 17:04:59,33.55,246.64,244.78,267.17,252.89,254.46,259.83,260.78,266.53,211.62,245.09,267.81,276.55,262.37,262.05,284.75,245.71,246.95,204.33,247.89,254.14,238.92,205.78,278.83,242,,30,965,34,32.88,
18.06.21 17:05:14,33.8,246.95,245.4,267.17,253.83,254.77,260.15,259.51,269.1,211.62,244.47,267.17,276.22,262.05,262.37,284.75,246.33,246.33,203.75,249.13,253.83,238.92,206.36,279.49,242.62,,30,965,34,32.86,
18.06.21 17:05:29,34.05,246.33,245.09,266.85,253.2,254.46,258.88,258.88,267.49,211.91,243.54,266.53,276.22,260.46,261.1,284.09,246.02,246.33,203.75,248.82,252.89,238.62,206.07,278.18,242.62,,30,965,34,32.86,
18.06.21 17:05:44,34.3,246.02,244.78,264.29,253.2,253.83,258.24,256.66,266.53,211.03,242.62,266.21,275.25,259.19,260.15,283.1,246.02,245.4,204.04,248.51,251.32,238.31,206.36,277.85,242.93,,30,965,34,32.83,
18.06.21 17:05:59,34.55,245.4,243.24,262.05,252.57,253.2,258.24,256.35,267.17,211.33,241.69,264.29,273.95,257.93,259.83,283.43,246.64,244.47,203.46,248.2,249.44,236.78,206.36,278.51,242.93,,30,965,34,32.82,
18.06.21 17:06:14,34.8,245.09,241.69,261.1,251.63,251.63,256.66,254.77,266.21,211.33,240.46,263.33,272.97,256.98,259.19,282.44,246.33,243.54,203.46,247.58,247.58,236.48,205.78,276.87,242.31,,30,965,34,32.79,
18.06.21 17:06:29,35.05,244.78,240.77,257.93,251.01,250.69,254.77,253.83,265.25,210.45,238.31,261.42,270.71,255.09,257.61,281.13,245.4,242.62,203.17,246.64,245.4,235.25,205.49,277.2,242,,30,965,34,32.79,
18.06.21 17:06:44,35.3,244.16,240.15,256.98,251.01,250.38,254.14,253.2,265.25,210.74,238.92,260.15,270.06,253.51,255.72,280.47,244.16,241.69,203.46,246.02,244.16,235.56,205.78,275.9,241.08,,30,965,34,32.79,
18.06.21 17:06:59,35.55,243.85,240.15,253.83,250.07,249.76,254.46,252.57,264.93,210.45,238.01,257.93,268.78,252.26,254.77,279.82,243.85,241.08,203.17,245.4,243.54,235.56,205.78,275.25,241.38,,30,965,34,32.78,
18.06.21 17:07:14,35.8,243.24,238.62,252.26,248.2,250.07,254.14,251.32,263.97,210.15,237.09,255.4,268.13,250.38,253.2,278.83,242.93,239.85,203.17,243.85,242,233.73,205.78,274.27,240.77,,30,965,34,32.76,
18.06.21 17:07:29,36.05,242.62,237.7,251.01,248.2,250.07,253.51,250.38,263.65,211.03,236.17,253.83,266.85,248.82,252.89,278.51,242.62,239.23,202.88,243.24,242.31,233.73,206.36,274.27,240.46,,30,965,34,32.76,
18.06.21 17:07:44,36.3,242,235.86,249.13,247.26,249.44,251.95,249.44,263.33,210.15,235.56,253.83,265.89,247.26,250.38,277.2,241.69,237.7,202.59,241.08,241.08,231.91,205.49,271.36,238.31,,30,965,34,32.74,
18.06.21 17:07:59,36.55,241.69,235.56,247.89,246.64,249.13,250.69,247.58,257.93,210.45,234.64,252.89,264.61,246.02,249.44,276.22,242,236.78,202.88,241.08,240.77,231.61,205.78,270.39,238.92,,30,965,34,32.74,
18.06.21 17:08:14,36.8,241.08,233.43,247.26,245.71,249.44,247.58,246.02,256.03,210.15,233.12,251.01,263.97,245.71,247.89,275.25,241.38,235.25,202.88,239.54,241.69,230.09,205.78,269.1,238.62,,30,965,34,32.72,
18.06.21 17:08:29,37.05,240.15,232.82,245.71,244.78,246.64,246.02,244.78,254.14,210.15,232.21,249.76,262.69,244.47,246.02,273.95,240.15,234.04,202.3,238.31,239.23,230.09,205.49,266.85,238.01,,30,965,34,32.71,
18.06.21 17:08:44,37.3,240.46,231,245.09,243.54,245.71,245.71,244.78,255.09,209.28,231.91,249.76,261.42,242.31,245.4,272,239.54,232.52,202.3,238.01,238.92,229.49,205.2,265.57,237.09,,30,965,34,32.69,
18.06.21 17:08:59,37.55,240.15,230.09,243.85,243.24,246.33,244.78,243.85,254.46,209.86,231.3,248.51,260.78,241.69,244.16,271.68,239.85,231.61,202.59,235.25,238.31,228.88,205.49,265.89,237.09,,30,965,34,32.68,
18.06.21 17:09:14,37.8,239.85,229.79,240.46,243.54,246.95,244.16,242.62,252.26,209.28,230.7,247.89,259.51,240.46,242,269.74,238.92,230.39,202.3,234.04,238.01,228.88,205.49,264.61,236.48,,30,965,34,32.68,
18.06.21 17:09:29,38.05,238.62,228.88,239.54,242.62,246.02,244.16,240.77,251.32,208.98,231.3,245.4,257.61,238.92,241.38,270.06,238.01,228.28,202.3,232.82,236.48,228.28,204.91,262.69,235.56,,30,965,34,32.66,
18.06.21 17:09:44,38.3,238.01,228.58,239.23,241.69,244.16,241.38,240.15,250.38,208.69,230.7,244.16,256.66,237.7,239.85,268.45,236.17,227.68,202.01,231.61,234.34,228.58,205.2,259.83,235.25,,30,965,34,32.65,
18.06.21 17:09:59,38.55,237.7,228.58,239.23,241.38,243.24,240.77,242,248.51,208.69,230.7,244.16,256.35,237.09,237.7,268.13,236.48,226.77,202.3,231,234.34,228.88,205.49,259.51,234.95,,30,965,34,32.65,
18.06.21 17:10:14,38.8,236.78,226.77,236.78,241.38,243.85,240.77,240.77,249.76,208.69,231,243.54,254.46,236.78,236.17,266.21,234.95,226.17,202.3,229.18,232.82,227.37,205.2,259.51,234.34,,30,965,34,32.65,
18.06.21 17:10:29,39.05,235.56,225.27,235.86,240.77,241.38,239.85,239.23,249.13,208.4,229.18,241.38,253.83,235.25,234.04,264.61,233.12,225.87,201.72,228.28,232.21,226.17,205.2,259.51,233.12,,30,965,34,32.64,
18.06.21 17:10:44,39.3,234.95,224.07,235.56,241.08,241.38,238.92,238.62,247.89,208.4,229.18,240.46,253.2,235.86,232.52,263.01,232.82,225.57,201.72,228.58,231.61,225.27,204.91,258.56,233.12,,30,965,34,32.63,
18.06.21 17:10:59,39.55,234.34,224.07,234.64,240.46,242,238.31,237.7,246.02,208.4,228.58,239.85,251.32,234.34,230.7,262.05,231.91,225.87,201.72,227.68,231.3,225.27,204.91,258.88,233.12,,30,965,34,32.61,
18.06.21 17:11:14,39.8,232.52,222.87,232.82,240.15,240.77,238.92,237.09,242,208.11,228.28,238.01,251.63,232.82,228.58,260.46,231,225.27,201.43,227.68,230.39,224.97,204.33,257.61,232.52,,30,965,34,32.61,
18.06.21 17:11:29,40.05,231.61,223.17,231.3,238.01,238.92,238.62,235.25,241.69,207.52,229.18,236.78,250.38,231.91,227.37,257.93,230.39,224.97,201.14,227.07,230.09,224.97,204.33,256.98,231.91,,30,965,34,32.61,
18.06.21 17:11:44,40.3,231.91,221.98,230.39,238.01,237.39,235.25,235.56,240.77,207.52,227.07,235.56,250.07,231.61,225.27,256.98,231.61,222.87,200.85,225.87,229.49,224.37,204.62,256.98,231.61,,30,965,34,32.58,
18.06.21 17:11:59,40.55,232.21,221.98,229.18,235.86,235.86,234.95,233.43,240.46,207.82,224.67,234.04,250.07,231.61,224.67,256.98,231,221.08,201.14,226.77,229.79,222.58,204.62,256.03,231.91,,30,965,34,32.58,
18.06.21 17:12:14,40.8,231.61,220.79,228.58,234.64,234.64,234.04,233.73,239.85,207.52,223.77,231.91,249.13,229.49,223.47,255.09,231,219.89,200.85,225.27,228.88,222.28,204.33,255.72,231.3,,30,965,34,32.58,
18.06.21 17:12:29,41.05,231,220.19,226.77,233.12,234.34,233.12,231.91,239.85,206.94,223.77,232.82,247.89,229.18,222.87,253.2,230.39,219.3,199.99,225.57,228.88,221.68,204.33,254.77,231.3,,30,965,34,32.58,
18.06.21 17:12:44,41.3,230.7,219.6,227.68,232.82,233.43,231.61,231,240.15,207.23,223.47,232.82,246.64,227.98,222.28,253.2,230.09,219,200.57,224.07,227.98,221.68,203.75,255.4,230.7,,30,965,34,32.55,
18.06.21 17:12:59,41.55,231.3,219.6,227.07,232.82,234.04,230.7,231.3,238.92,207.23,222.58,231.3,247.26,227.98,222.58,252.89,228.58,218.11,200.57,223.17,226.47,219.89,204.33,253.83,231,,30,965,34,32.55,
18.06.21 17:13:14,41.8,231.61,217.81,226.47,231.61,234.95,231.3,230.7,237.7,207.52,221.98,230.7,247.26,226.77,222.87,253.51,230.09,217.81,200.28,220.49,227.07,220.19,204.04,253.2,230.7,,30,965,34,32.54,
18.06.21 17:13:29,42.05,230.39,216.92,225.87,231,234.64,229.49,229.18,238.01,206.65,221.68,228.88,245.71,225.57,221.68,251.63,228.58,216.04,199.99,220.49,226.77,219.89,203.75,251.95,230.39,,30,965,34,32.51,
18.06.21 17:13:44,42.3,229.49,216.33,223.77,231,234.04,231.3,227.98,235.86,206.94,221.08,229.18,245.09,224.37,221.38,251.01,227.37,215.45,199.99,219.89,225.57,219.6,203.75,251.01,229.49,,30,965,34,32.51,
18.06.21 17:13:59,42.55,228.58,215.74,222.28,230.7,234.04,227.07,227.07,234.64,206.65,221.38,229.79,245.09,224.37,221.08,250.38,226.77,214.56,199.99,219.3,224.97,219.3,204.33,250.07,229.49,,30,965,34,32.51,
18.06.21 17:14:14,42.8,227.37,215.15,222.28,230.39,234.34,225.57,226.17,234.04,206.36,221.68,228.88,244.47,223.47,220.19,248.82,225.57,213.68,199.41,217.81,224.37,219,203.75,249.44,228.58,,30,965,34,32.51,
18.06.21 17:14:29,43.05,227.07,214.27,220.49,230.39,232.21,227.07,224.97,234.64,206.65,223.47,227.07,243.24,222.58,219.6,247.89,225.57,211.91,198.84,217.81,223.77,218.41,204.04,247.89,228.58,,30,965,34,32.47,
18.06.21 17:14:44,43.3,226.47,214.27,219.89,230.39,231.61,224.37,224.37,235.25,206.36,222.58,227.98,242.31,221.68,219.89,247.26,225.87,212.21,199.7,217.81,224.37,219,204.04,246.95,228.88,,30,965,34,32.49,
18.06.21 17:14:59,43.55,225.87,215.15,218.7,230.39,231.3,223.47,223.17,236.17,206.07,222.58,227.07,242,220.49,218.7,246.33,226.77,211.62,199.7,218.7,223.47,218.11,203.75,246.33,229.49,,30,965,34,32.47,
18.06.21 17:15:14,43.8,223.77,214.86,217.22,229.79,229.18,225.27,223.17,234.34,206.07,221.38,227.98,242.31,218.41,218.11,245.4,226.47,210.15,199.13,217.81,223.47,218.41,203.46,246.02,229.18,,30,965,34,32.47,
18.06.21 17:15:29,44.05,223.47,215.15,216.63,229.49,227.07,222.58,221.68,234.64,206.07,219.89,226.17,241.38,217.81,216.92,245.09,223.77,209.57,199.41,217.81,222.58,217.81,203.75,246.33,229.18,,30,965,34,32.46,
18.06.21 17:15:44,44.3,222.87,215.15,215.74,229.18,226.47,222.58,220.49,232.82,205.78,218.11,223.17,240.46,217.52,216.63,243.85,223.77,208.98,198.84,216.63,221.98,218.11,203.75,244.78,228.58,,30,965,34,32.44,
18.06.21 17:15:59,44.55,221.98,214.56,215.15,229.49,225.87,220.79,220.19,230.7,205.78,217.81,221.98,239.54,216.04,216.04,242.62,223.47,208.4,198.55,217.52,221.68,217.22,203.17,242.93,228.28,,30,965,34,32.43,
18.06.21 17:16:14,44.8,222.87,213.38,215.74,228.58,225.57,218.7,221.68,229.18,205.78,217.22,221.98,238.01,214.27,218.11,241.38,224.67,208.98,198.84,215.45,222.87,216.04,203.17,242.62,227.98,,30,965,34,32.43,
18.06.21 17:16:29,45.05,222.87,214.56,216.92,229.49,226.17,216.33,221.38,228.88,205.49,215.45,224.37,237.09,214.27,216.04,241.38,221.38,209.57,198.84,214.86,222.87,215.74,203.46,242.93,227.68,,30,965,34,32.41,
18.06.21 17:16:44,45.3,222.28,215.74,217.22,231,224.97,217.22,220.49,228.28,205.78,214.56,223.17,237.39,213.09,215.15,241.08,220.49,208.98,198.84,215.15,222.28,215.45,203.46,243.54,227.37,,30,965,34,32.41,
18.06.21 17:16:59,45.55,221.98,214.86,217.22,231.3,225.27,215.15,219.89,227.68,205.2,212.5,221.68,235.56,211.91,213.97,240.77,220.49,208.69,198.26,213.97,221.68,215.15,202.88,242,227.07,,30,965,34,32.4,
18.06.21 17:17:14,45.8,220.79,214.86,218.11,231,223.47,214.56,219.89,227.68,205.78,213.38,222.28,234.95,211.03,213.38,240.46,220.79,207.82,198.26,211.91,220.49,215.15,203.46,240.15,227.37,,30,965,34,32.38,
18.06.21 17:17:29,46.05,219.3,214.56,217.22,229.49,222.28,214.86,218.41,226.77,205.49,213.09,221.68,234.04,209.57,212.21,239.54,220.49,207.52,197.98,210.74,219.89,215.15,202.59,240.46,227.07,,30,965,34,32.4,
18.06.21 17:17:44,46.3,219,214.86,216.63,229.79,221.68,212.5,215.74,226.77,205.2,213.97,220.19,233.43,208.4,212.21,238.62,219.89,206.94,197.98,211.03,219.3,214.56,203.17,239.54,225.87,,30,965,34,32.38,
18.06.21 17:17:59,46.55,217.81,215.15,217.81,228.88,221.08,211.91,216.63,227.07,205.2,212.21,218.7,233.43,207.82,212.21,238.31,219.6,206.65,198.26,211.03,221.98,214.27,203.17,238.92,226.77,,30,965,34,32.38,
18.06.21 17:18:14,46.8,217.52,215.15,216.92,227.37,221.38,210.15,214.86,225.57,204.62,212.5,217.22,231.91,208.4,212.21,238.01,218.11,205.78,197.4,210.15,221.68,213.68,202.59,237.7,225.87,,30,965,34,32.36,
18.06.21 17:18:29,47.05,217.52,215.15,216.92,227.98,221.38,212.79,214.56,226.17,204.91,212.79,216.63,231.91,207.82,210.15,237.7,216.63,205.78,197.98,210.74,221.38,212.79,202.88,237.7,226.17,,30,965,34,32.36,
18.06.21 17:18:44,47.3,216.33,215.15,219.3,227.07,222.28,209.57,214.27,225.27,204.62,212.21,215.45,232.82,206.94,210.15,237.7,216.92,205.78,197.4,210.15,220.19,213.09,202.88,236.78,225.87,,30,965,34,32.35,
18.06.21 17:18:59,47.55,214.86,216.04,218.11,225.87,223.17,208.69,214.27,225.87,204.33,210.45,215.45,230.09,206.36,208.98,237.09,216.04,204.91,197.4,209.57,218.7,211.62,202.3,236.78,224.97,,30,965,34,32.33,
18.06.21 17:19:14,47.8,213.97,212.79,217.81,226.17,222.58,208.69,215.15,226.17,205.2,210.74,214.56,229.18,206.07,209.57,236.78,215.74,205.78,197.4,208.11,218.7,212.21,203.17,237.09,224.97,,30,965,34,32.33,
18.06.21 17:19:29,48.05,213.38,211.91,216.63,224.67,221.68,208.69,214.27,224.07,205.2,209.28,213.97,227.68,204.04,208.11,236.17,216.04,204.91,197.4,206.07,217.81,211.91,202.88,235.25,224.37,,30,965,34,32.32,
18.06.21 17:19:44,48.3,212.79,211.03,216.63,224.67,221.68,208.4,214.56,222.58,204.91,210.74,214.27,227.68,203.17,207.82,235.86,216.92,204.04,197.4,205.78,218.11,211.33,203.17,234.64,224.07,,30,965,34,32.32,
18.06.21 17:19:59,48.55,211.62,210.15,216.92,224.97,219.89,208.4,212.21,222.87,204.62,209.86,213.97,227.68,203.46,206.07,235.56,218.11,203.17,197.4,204.91,219,210.74,202.3,234.04,223.47,,30,965,34,32.3,
18.06.21 17:20:14,48.8,210.74,207.52,216.33,224.37,217.52,206.36,211.03,221.68,204.33,207.23,212.79,226.17,201.72,205.49,235.25,216.04,203.46,197.12,204.62,218.11,210.45,202.01,232.82,222.58,,30,965,34,32.29,
18.06.21 17:20:29,49.05,211.03,207.23,216.04,224.37,217.81,207.23,210.15,222.58,204.33,206.36,212.21,225.87,200.85,204.62,234.64,215.74,203.46,196.83,204.33,218.11,209.57,202.59,232.82,222.87,,30,965,34,32.29,
18.06.21 17:20:44,49.3,210.15,206.07,217.22,223.17,216.92,206.65,209.57,221.98,204.33,205.2,211.62,225.27,200.28,205.2,234.95,215.45,203.17,197.12,204.04,217.22,209.57,202.59,232.52,222.58,,30,965,34,32.29,
18.06.21 17:20:59,49.55,208.4,206.36,216.92,224.97,215.74,205.49,209.57,221.08,204.33,204.33,210.74,223.77,200.57,206.36,234.04,216.33,203.17,196.83,204.33,216.63,209.28,202.3,232.21,222.28,,30,965,34,32.28,
18.06.21 17:21:14,49.8,208.11,204.33,216.33,222.87,215.45,205.49,208.98,220.49,204.04,206.36,210.74,223.77,198.84,203.75,233.43,215.15,201.72,195.97,204.62,214.56,208.69,202.3,231.91,221.38,,30,965,34,32.28,
18.06.21 17:21:29,50.05,208.69,204.04,216.63,221.38,216.33,205.2,209.86,221.38,204.33,206.07,210.45,222.58,198.84,204.62,233.73,214.27,200.85,196.26,202.59,213.97,208.69,202.3,231.3,221.08,,30,965,34,32.26,
18.06.21 17:21:44,50.3,208.69,202.88,215.74,220.19,215.74,204.04,209.28,220.19,204.33,205.78,209.57,222.28,198.55,203.46,233.73,212.79,200.85,196.54,202.59,215.74,208.11,202.88,231.3,221.38,,30,965,34,32.26,
18.06.21 17:21:59,50.55,209.28,200.57,214.86,219.3,215.74,203.75,206.94,219,204.04,205.49,209.57,220.79,197.98,202.59,233.12,212.21,199.99,196.26,202.3,215.15,207.82,202.3,230.7,221.08,,30,965,34,32.26,
18.06.21 17:22:14,50.8,209.28,198.84,214.27,221.08,216.04,202.88,206.65,219,204.04,204.91,208.4,220.49,197.4,202.88,233.43,209.86,199.7,196.54,202.88,215.15,207.23,201.72,230.7,221.08,,30,965,34,32.25,
18.06.21 17:22:29,51.05,210.15,195.97,212.5,219,216.04,201.43,205.78,218.7,204.04,204.04,207.23,219,196.83,202.3,233.43,209.28,199.41,196.54,203.17,214.86,206.94,201.72,230.39,220.79,,30,965,34,32.25,
18.06.21 17:22:44,51.3,209.86,196.83,211.62,218.11,216.33,203.46,204.91,218.7,203.46,205.2,206.65,217.52,196.83,202.3,232.82,210.15,199.13,195.69,200.85,214.56,206.07,201.72,230.09,220.49,,30,965,34,32.22,
18.06.21 17:22:59,51.55,208.98,197.4,210.74,217.81,215.74,202.01,204.04,219,204.04,206.65,207.23,216.33,194.83,204.33,232.21,210.45,199.13,195.97,199.7,214.27,206.07,202.01,229.49,219.89,,30,965,34,32.24,
18.06.21 17:23:14,51.8,207.82,197.12,210.15,217.52,214.86,199.99,203.46,218.41,203.75,205.78,206.65,215.45,194.83,202.01,231.61,209.86,198.55,195.69,200.57,213.97,206.65,201.72,229.79,219.3,,30,965,34,32.22,
18.06.21 17:23:29,52.05,205.78,197.98,211.03,217.22,214.56,199.7,202.01,219,203.75,203.75,206.36,214.86,193.69,201.14,230.7,208.69,197.98,195.69,201.14,214.56,206.07,201.72,229.18,218.41,,30,965,34,32.22,
18.06.21 17:23:44,52.3,206.07,197.4,206.65,216.04,215.45,199.41,201.14,220.19,204.04,203.75,206.36,214.56,193.4,202.59,230.39,208.69,197.12,195.69,201.43,213.97,205.49,202.01,227.68,218.11,,30,965,34,32.21,
18.06.21 17:23:59,52.55,206.07,197.12,206.36,216.04,216.33,196.83,200.85,219.3,203.17,202.88,207.82,213.38,192.83,202.3,228.88,205.2,195.69,195.11,199.7,213.97,204.62,202.01,227.37,217.81,,30,965,34,32.19,
18.06.21 17:24:14,52.8,206.36,198.55,205.49,217.81,216.33,196.83,200.85,218.7,203.17,202.3,206.36,212.79,192.55,201.72,228.28,205.49,195.11,195.11,198.55,213.38,204.33,201.43,226.77,218.7,,30,965,34,32.18,
18.06.21 17:24:29,53.05,205.2,196.54,206.36,216.92,215.45,198.26,199.41,218.7,203.17,202.3,205.78,213.09,193.12,200.57,227.98,205.2,194.83,195.4,197.12,212.5,205.2,202.01,227.07,219,,30,965,34,32.18,
18.06.21 17:24:44,53.3,204.04,195.69,205.2,216.92,216.33,198.84,197.69,217.52,203.46,202.01,205.78,213.38,193.4,201.14,227.07,205.49,194.83,195.69,197.69,212.21,204.33,202.01,225.87,218.7,,30,965,34,32.18,
18.06.21 17:24:59,53.55,202.3,194.83,203.75,214.27,215.45,195.11,197.4,216.92,202.88,201.72,205.78,213.38,193.12,199.41,226.17,205.2,194.54,194.83,196.83,211.62,203.75,201.72,225.87,218.41,,30,965,34,32.16,
18.06.21 17:25:14,53.8,201.43,194.83,204.33,214.56,214.86,197.12,197.69,216.63,202.88,201.14,206.65,213.09,193.97,199.13,226.17,205.49,193.97,195.11,195.11,211.91,202.59,201.43,225.87,217.81,,30,965,34,32.16,
18.06.21 17:25:29,54.05,201.72,195.97,203.75,213.68,212.21,194.83,197.69,216.04,202.59,200.85,207.52,213.38,193.69,199.41,224.97,204.62,193.69,195.11,194.54,211.03,202.59,201.43,224.97,217.81,,30,965,34,32.15,
18.06.21 17:25:44,54.3,202.3,194.83,202.3,213.68,212.79,193.97,199.13,215.74,202.88,201.14,206.65,213.09,193.4,199.99,225.27,204.91,193.12,194.54,194.54,209.86,201.72,201.43,224.97,217.52,,30,965,34,32.15,
18.06.21 17:25:59,54.55,202.01,193.97,202.59,213.09,212.21,195.97,197.4,215.74,202.88,201.72,208.11,213.09,193.97,197.98,224.67,205.78,192.55,194.54,194.26,208.98,201.43,201.14,224.37,217.52,,30,965,34,32.15,
18.06.21 17:26:14,54.8,202.01,193.69,202.88,214.56,213.09,194.26,197.98,216.63,203.17,202.59,207.23,212.79,192.83,198.26,224.37,204.33,192.83,194.83,193.97,207.82,201.72,201.14,223.77,216.92,,30,965,34,32.15,
18.06.21 17:26:29,55.05,203.17,195.11,202.3,214.27,211.03,193.12,195.4,216.33,202.88,201.43,205.78,212.79,192.55,197.98,224.37,204.04,192.83,194.54,193.12,206.65,202.01,201.72,223.47,216.92,,30,965,34,32.13,