Measurement Name :,Plate4_20211205_30C_PR,,Generated On :,"05/12/2021, 13:00:06",,,Calibration details for Oxygen,,,Report :,"@m02:IDENTIFICATION
Serial number     : SEBX0007000710      
MUX channel       : ON - 02

PARAMETERS
Sig LED current   : 040
Ref LED current   : 075
Frequency         : 060
Sending interval  : 0000
Pulse lenght      : 06
Red REF comp.     : ON
Temperature comp. : ON

FIRMWARE
ver.4.039.A3.ST   : 04/30/07, 09:14:36
@m02:RDY

",,Other Report :,"Start Temperature : 
End Temperature        : 
Start Humidity         : 
End Humidity           : 
Ref.phase Corre        : 1
Dig. Ampl.Factor       : 
Mod. Coarse Freq.      : 
Mod. Fine Freq.        : 
Mod. Shape             : 
Mono or Stero          : 
Phase Shift            : 
Sampling Rate          : 
Temp. Corr Slop Coef   : 
",,,,,,,,,,,,,,,,,
Start Date/Time:,"05/12/2021, 12:20:36",,,,,,Batch No.:  ,PSt5-1624-01_25¡C,,,,,,,,,,,,,,,,,,,,,,,
End Date/Time:,"05/12/2021, 12:59:32",,,,,,O2_cal0 [¡],54.76,,,,,,,,,,,,,,,,,,,,,,,
User Comment :,0,,Meas. Created By :,admin,,,O2_cal2nd [¡],47.47,,,,,,,,,,,,,,,,,,,,,,,
SDR Serial No. :,S-710,,,,,,O2_T0 [¡C],24.8,,,,,,,,,,,,,,,,,,,,,,,
Parameter :,Oxygen [cO2 [µmol/L]],,,,,,O2_T2nd [¡C],24.8,,,,,,,,,,,,,,,,,,,,,,,
,,,,,,,O2_patm [mbar],965,,,,,,,,,,,,,,,,,,,,,,,
,,,,,,,O2_2nd [% a.s.],100,,,,,,,,,,,,,,,,,,,,,,,
,,,,,,,,,,,,,,,,,,,,,,,,,,,,,,,
,,,,,,,,,,,,,,,,,,,,,,,,,,,,,,,
,,,,,,,,,,,,,,,,,,,,,,,,,,,,,,,
,,,,,,,,,,,,,,,,,,,,,,,,,,,,,,,
Date/Time,Time/Min.,A1,B1,C1,D1,A2,B2,C2,D2,A3,B3,C3,D3,A4,B4,C4,D4,A5,B5,C5,D5,A6,C6,D6,,,Tm [¡C],p [mbar],Salinity [g/1000g],T_internal [¡C],Error
05.12.21 12:20:38,0.03,159.34,147.87,163.83,161.71,129.57,146.32,159.6,135.86,168.89,166.22,145.29,160.39,151.49,166.76,174,163.83,144.01,168.89,131.32,155.66,126.08,133.33,167.02,,,31,965,34,30.74,965D6-(E1);
05.12.21 12:20:53,0.28,167.02,168.36,152.27,163.3,170.5,180.25,173.19,181.34,189.04,164.1,166.76,166.49,188.49,191.26,197.98,165.16,155.4,188.49,172.12,163.3,145.29,168.09,174,,,31,965,34,30.53,965D6-(E1);
05.12.21 12:21:08,0.53,162.51,170.23,132.83,159.07,159.6,153.05,169.43,182.71,154.88,199.1,180.79,161.45,201.08,165.69,180.52,134.85,162.77,191.26,150.71,150.71,140.17,171.85,169.16,,,31,965,34,30.44,965D6-(E1);
05.12.21 12:21:23,0.78,186.56,210.77,156.45,164.89,154.88,190.71,182.98,187.38,186.56,224.43,187.11,182.16,197.69,162.77,182.71,163.3,174,186,156.97,164.1,127.57,192.66,176.98,,,31,965,34,30.38,965D6-(E1);
05.12.21 12:21:38,1.03,171.04,173.19,139.41,174.54,129.07,166.49,174.81,207.62,167.29,156.97,156.97,172.92,167.29,186.28,191.82,178.61,163.3,178.07,129.07,163.3,131.57,155.14,160.13,,,31,965,34,30.35,965D6-(E1);
05.12.21 12:21:54,1.3,190.71,180.25,156.19,163.04,174.27,182.98,181.07,206.76,213.65,167.29,170.5,171.85,183.26,177.79,184.35,156.97,171.04,196.29,151.49,150.45,143.75,165.96,175.62,,,31,965,34,30.33,965D6-(E1);
05.12.21 12:22:09,1.55,169.97,181.61,160.92,163.04,155.4,176.71,172.38,205.05,193.77,218,197.98,175.62,204.2,178.61,186.83,184.35,178.34,174,163.57,167.29,148.12,171.04,186.83,,,31,965,34,30.33,965D6-(E1);
05.12.21 12:22:24,1.8,190.43,204.2,152.27,189.88,191.54,206.19,197.69,205.33,193.21,222.96,230.94,208.76,206.19,200.79,190.15,196.85,200.79,193.21,196.85,182.71,143.49,205.9,200.23,,,31,965,34,30.34,965D6-(E1);
05.12.21 12:22:39,2.05,155.4,159.86,133.08,152.79,150.97,148.9,161.98,176.17,162.24,185.73,173.73,154.62,182.98,180.79,162.24,167.83,153.57,166.49,150.71,139.66,125.58,176.98,155.92,,,31,965,34,30.34,965D6-(E1);
05.12.21 12:22:54,2.3,173.46,199.38,165.16,167.83,155.4,196.85,180.52,184.63,174.27,205.05,197.13,179.16,193.49,171.04,169.7,175.35,156.97,199.67,176.98,161.71,148.9,185.45,175.62,,,31,965,34,30.36,965D6-(E1);
05.12.21 12:23:10,2.57,192.1,189.32,146.58,156.19,161.18,182.98,175.35,181.61,192.38,172.38,189.04,168.36,179.7,193.77,186,169.43,212.5,173.46,169.43,157.5,138.14,178.07,189.32,,,31,965,34,30.38,965D6-(E1);
05.12.21 12:23:25,2.82,179.97,193.21,159.07,158.29,155.4,193.21,168.89,187.38,184.35,163.57,161.98,169.97,211.92,226.49,179.16,150.71,181.34,178.34,176.44,164.1,148.38,184.9,172.12,,,31,965,34,30.39,965D6-(E1);
05.12.21 12:23:40,3.07,209.62,229.15,143.75,162.24,162.77,191.54,183.53,205.9,207.04,180.25,174,172.65,199.95,206.19,203.34,186.83,168.63,183.53,161.45,206.76,130.32,190.43,178.61,,,31,965,34,30.42,965D6-(E1);
05.12.21 12:23:55,3.32,185.18,207.04,139.41,171.58,188.49,156.71,175.62,193.49,198.82,208.76,168.63,171.58,191.26,184.35,158.29,180.52,182.16,176.44,164.63,187.66,140.94,176.17,193.21,,,31,965,34,30.45,965D6-(E1);
05.12.21 12:24:10,3.57,174.54,217.12,141.7,166.76,188.77,230.34,197.69,205.62,215.09,170.5,205.9,180.52,190.15,201.36,219.45,177.25,179.97,206.76,176.71,167.83,150.45,195.17,167.56,,,31,965,34,30.48,965D6-(E1);
05.12.21 12:24:25,3.82,221.79,212.78,149.16,191.54,202.49,188.21,201.36,214.52,233.62,215.38,203.63,198.26,216.25,231.83,203.06,201.08,176.17,199.38,183.26,194.89,164.89,219.74,209.33,,,31,965,34,30.49,965D6-(E1);
05.12.21 12:24:40,4.07,187.11,192.94,133.84,178.07,182.98,201.36,187.11,201.36,184.08,201.64,196.57,185.45,188.77,196.29,195.17,157.5,175.62,191.54,169.97,159.34,148.12,182.98,182.98,,,31,965,34,30.52,965D6-(E1);
05.12.21 12:24:55,4.32,181.89,169.97,112.08,159.07,166.49,191.82,170.77,189.04,163.57,194.89,189.6,164.63,152.27,190.15,197.69,146.58,135.35,172.12,160.66,148.38,121.62,177.52,178.88,,,31,965,34,30.53,965D6-(E1);
05.12.21 12:25:10,4.57,168.36,207.04,117.69,162.51,145.29,181.89,178.34,194.33,196.01,201.36,170.77,155.4,185.45,196.85,169.43,158.02,181.89,191.26,155.92,169.7,133.84,191.82,181.61,,,31,965,34,30.58,965D6-(E1);
05.12.21 12:25:25,4.82,194.61,222.67,123.84,166.22,182.71,190.15,176.71,205.05,205.62,213.65,184.9,169.97,190.99,179.43,193.77,171.31,171.58,197.98,163.3,199.1,144.01,188.77,195.45,,,31,965,34,30.6,965D6-(E1);
05.12.21 12:25:40,5.07,172.12,218.58,131.32,161.71,165.16,217.12,186.28,201.36,212.5,205.9,206.47,189.04,170.77,190.43,193.49,191.54,217.12,179.16,165.69,163.57,150.19,209.91,176.98,,,31,965,34,30.63,965D6-(E1);
05.12.21 12:25:55,5.32,203.34,235.11,118.42,182.71,162.77,239.02,187.11,220.91,221.5,203.06,223.84,196.01,215.09,179.97,215.67,184.63,189.6,201.93,174,197.41,139.41,223.55,183.53,,,31,965,34,30.64,965D6-(E1);
05.12.21 12:26:10,5.57,190.71,204.2,111.84,174,153.83,218,188.49,197.98,192.1,180.79,197.13,181.34,194.61,208.47,189.88,158.55,174.27,198.82,166.22,174.27,149.68,195.73,170.5,,,31,965,34,30.69,965D6-(E1);
05.12.21 12:26:25,5.82,152.01,215.96,108.93,153.83,186.28,178.88,184.63,240.83,185.45,158.29,203.63,178.88,159.6,217.12,191.82,187.94,192.38,191.54,168.89,175.62,123.35,202.21,186,,,31,965,34,30.71,965D6-(E1);
05.12.21 12:26:40,6.07,188.77,232.72,114.51,194.05,177.52,230.94,193.77,213.07,239.62,218.87,213.94,188.77,188.49,214.52,192.1,211.06,195.17,210.77,205.9,186.56,178.61,217.42,196.57,,,31,965,34,30.74,965D6-(E1);
05.12.21 12:26:55,6.32,162.51,216.54,77.02,174.54,182.71,174.81,157.76,193.77,180.25,178.07,169.16,165.43,164.36,225.02,172.65,170.5,164.1,168.89,165.69,148.9,154.36,190.99,172.38,,,31,965,34,30.78,965D6-(E1);
05.12.21 12:27:10,6.57,155.14,200.79,75.2,161.71,161.98,206.76,165.69,195.73,192.94,205.62,186,159.34,172.65,195.17,179.43,172.92,190.99,161.98,166.22,154.36,137.88,192.38,167.56,,,31,965,34,30.8,965D6-(E1);
05.12.21 12:27:25,6.82,198.26,209.33,92.75,175.62,190.15,239.02,184.35,208.19,188.49,210.48,203.91,196.29,199.95,222.08,201.93,186.28,177.25,195.17,169.7,171.31,147.87,194.61,191.26,,,31,965,34,30.81,965D6-(E1);
05.12.21 12:27:40,7.07,214.23,253.65,111.59,184.35,207.33,280.8,212.21,243.25,237.51,253.65,237.81,203.06,208.76,234.81,228.27,221.5,188.77,213.65,209.91,193.21,169.97,220.04,201.64,,,31,965,34,30.85,965D6-(E1);
05.12.21 12:27:55,7.32,175.08,223.55,82.52,171.58,176.17,232.13,184.35,209.91,184.08,201.64,194.61,175.62,197.69,251.19,174.54,197.13,167.83,176.17,197.98,165.96,144.01,202.21,167.56,,,31,965,34,30.89,965D6-(E1);
05.12.21 12:28:10,7.57,182.98,233.02,83.91,169.16,150.97,216.54,181.89,234.51,198.54,202.49,196.85,176.71,194.05,208.19,203.91,168.09,184.08,198.82,206.47,174,154.09,205.33,179.43,,,31,965,34,30.92,965D6-(E1);
05.12.21 12:28:25,7.82,206.76,234.81,82.29,174.81,159.86,249.04,200.23,241.13,214.23,227.08,209.05,202.49,184.63,272.46,214.52,205.05,182.98,198.54,182.43,181.89,155.4,203.91,178.34,,,31,965,34,30.95,965D6-(E1);
05.12.21 12:28:40,8.07,210.77,267.39,97.23,182.16,205.62,208.76,214.52,226.49,221.79,234.21,229.45,199.67,197.41,258.61,242.04,232.42,200.79,210.19,210.19,197.98,167.02,232.13,183.26,,,31,965,34,30.98,965D6-(E1);
05.12.21 12:28:55,8.32,240.22,245.38,84.83,161.45,197.41,225.61,194.05,230.34,238.71,236.61,231.23,203.63,211.63,276.3,222.08,201.64,191.54,209.33,219.45,187.11,178.34,203.34,191.54,,,31,965,34,30.99,965D6-(E1);
05.12.21 12:29:10,8.57,231.83,264.24,72.7,179.7,175.35,219.74,201.36,240.52,200.51,228.56,212.5,206.19,211.92,230.64,221.5,218.29,167.29,208.19,208.19,173.46,168.89,240.22,169.16,,,31,965,34,31.03,965D6-(E1);
05.12.21 12:29:25,8.82,222.67,243.25,70.67,182.98,209.33,235.71,200.51,236.01,215.09,209.33,204.76,191.26,185.18,260.8,224.72,205.62,212.78,201.08,205.62,185.18,178.88,214.23,193.21,,,31,965,34,31.06,965D6-(E1);
05.12.21 12:29:40,9.07,195.17,255.82,75.42,181.07,207.9,239.32,214.23,251.5,228.86,243.55,237.81,223.84,209.33,265.18,235.71,218.58,231.83,233.32,219.45,203.06,187.38,237.81,203.63,,,31,965,34,31.1,965D6-(E1);
05.12.21 12:29:55,9.32,183.26,240.22,47.67,174.27,175.35,267.07,188.49,243.55,222.67,214.81,204.76,189.32,202.78,259.86,221.21,204.2,174.54,202.21,197.98,179.97,163.04,243.25,178.34,,,31,965,34,31.11,965D6-(E1);
05.12.21 12:30:10,9.57,239.92,281.44,68.41,195.73,209.91,230.34,213.65,262.99,248.12,242.64,221.79,211.92,225.02,250.57,237.81,218.58,197.69,219.74,233.91,198.82,189.04,245.98,210.48,,,31,965,34,31.14,965D6-(E1);
05.12.21 12:30:25,9.82,198.82,271.51,56.84,190.15,168.09,216.83,193.77,235.71,213.07,227.67,208.47,202.78,225.31,231.53,229.75,209.33,170.77,213.65,199.38,205.9,163.57,226.2,195.45,,,31,965,34,31.17,965D6-(E1);
05.12.21 12:30:40,10.07,190.15,230.34,50.49,168.63,190.99,243.86,188.77,223.26,221.21,213.94,221.21,184.35,212.21,249.96,201.64,200.23,178.88,207.62,197.98,195.73,163.04,211.92,194.33,,,31,965,34,31.21,965D6-(E1);
05.12.21 12:30:55,10.32,205.62,250.88,51.8,174,191.82,215.96,198.82,196.57,208.19,235.71,230.34,194.61,197.13,258.3,207.9,207.9,176.98,197.41,182.16,185.45,164.63,219.74,176.17,,,31,965,34,31.23,965D6-(E1);
05.12.21 12:31:10,10.57,211.63,242.64,40.13,186,192.1,260.48,184.08,219.74,188.21,230.94,223.55,187.11,175.62,216.25,203.06,187.94,157.5,182.43,201.08,186.83,165.96,225.02,172.65,,,31,965,34,31.27,965D6-(E1);
05.12.21 12:31:25,10.82,194.05,254.27,59.49,192.1,196.85,293.19,208.19,245.68,220.91,236.31,233.62,210.48,208.19,246.9,221.79,217.12,200.51,206.47,228.56,192.94,176.44,228.86,199.1,,,31,965,34,31.28,965D6-(E1);
05.12.21 12:31:40,11.07,208.47,243.25,49.84,187.11,170.77,256.13,201.93,218.29,210.77,229.15,223.84,215.38,214.52,251.8,231.83,233.32,192.1,204.48,215.09,197.98,160.92,220.62,200.79,,,31,965,34,31.31,965D6-(E1);
05.12.21 12:31:55,11.32,201.08,277.26,51.8,185.73,195.17,237.51,193.49,230.04,212.21,225.02,219.16,208.19,236.61,263.3,216.83,211.92,204.2,213.07,199.95,196.29,174.27,220.62,201.93,,,31,965,34,31.35,965D6-(E1);
05.12.21 12:32:10,11.57,229.75,272.46,40.35,173.46,175.35,263.61,209.62,223.26,209.91,283.06,228.56,213.65,211.63,234.21,210.19,205.9,170.5,211.63,215.38,195.17,160.39,219.74,182.98,,,31,965,34,31.36,965D6-(E1);
05.12.21 12:32:25,11.82,187.66,239.62,28.91,169.43,164.89,220.33,199.38,213.07,197.98,206.19,210.77,201.36,176.17,250.88,219.45,211.34,196.57,195.17,187.11,193.21,165.96,230.04,183.8,,,31,965,34,31.39,965D6-(E1);
05.12.21 12:32:40,12.07,216.25,262.67,37.57,184.08,188.49,248.43,209.62,220.33,210.19,215.96,219.16,214.52,187.38,250.88,240.83,206.76,188.77,202.21,214.52,203.34,184.63,227.08,187.38,,,31,965,34,31.42,965D6-(E1);
05.12.21 12:32:55,12.32,228.56,258.92,39.06,187.94,202.21,275.02,209.33,220.33,215.09,231.53,233.02,212.78,192.38,274.38,247.21,215.09,191.54,222.67,232.13,218.58,167.83,232.72,190.99,,,31,965,34,31.45,965D6-(E1);
05.12.21 12:33:10,12.57,209.62,288.59,32.91,195.73,171.04,258.61,201.93,224.43,187.38,240.52,233.32,201.08,206.47,290.56,219.16,214.52,174.81,222.67,230.94,187.66,186,233.62,188.49,,,31,965,34,31.48,965D6-(E1);
05.12.21 12:33:26,12.83,218.87,244.16,29.33,163.83,199.38,266.44,194.61,201.36,199.1,218.58,211.34,198.54,182.71,239.02,202.78,206.47,200.51,203.63,214.52,198.26,161.71,224.43,184.08,,,31,965,34,31.49,965D6-(E1);
05.12.21 12:33:41,13.08,189.88,244.46,24.32,163.04,168.63,203.63,180.79,201.64,197.69,233.32,223.55,180.25,179.43,200.79,185.45,177.25,158.55,169.16,201.08,175.08,163.3,196.57,162.51,,,31,965,34,31.53,965D6-(E1);
05.12.21 12:33:56,13.33,222.08,274.06,45.5,197.41,206.76,267.07,223.55,232.42,231.53,241.73,254.58,217.12,227.97,291.54,248.12,208.47,193.77,220.04,232.72,218.87,164.63,227.38,205.33,,,31,965,34,31.55,965D6-(E1);
05.12.21 12:34:11,13.58,190.71,224.43,24.32,178.61,163.83,214.81,187.38,213.36,207.33,237.51,206.19,189.88,209.62,251.5,224.14,185.45,172.12,197.69,184.9,181.07,152.79,212.78,174.54,,,31,965,34,31.56,965D6-(E1);
05.12.21 12:34:26,13.83,213.94,294.18,35.02,226.79,216.54,266.13,220.62,267.39,226.49,243.25,277.9,237.21,227.08,273.42,253.34,203.63,196.01,213.36,241.73,234.51,180.79,235.11,207.33,,,31,965,34,31.58,965D6-(E1);
05.12.21 12:34:41,14.08,185.18,259.55,30.8,183.8,196.57,224.72,205.05,261.11,183.26,223.26,235.11,202.21,207.9,243.86,234.21,209.91,229.45,195.45,220.33,190.71,187.11,215.38,196.85,,,31,965,34,31.61,965D6-(E1);
05.12.21 12:34:56,14.33,215.96,273.1,26.19,201.08,158.55,229.45,183.26,205.62,222.67,225.31,229.45,188.77,190.99,238.41,219.16,221.21,179.97,200.79,215.09,181.34,158.29,225.02,189.88,,,31,965,34,31.63,965D6-(E1);
05.12.21 12:35:11,14.58,230.64,278.22,47.23,204.48,184.9,294.51,219.16,236.61,227.08,238.71,245.68,230.34,184.35,256.75,252.11,194.89,181.34,218.87,236.01,228.56,207.9,241.73,214.81,,,31,965,34,31.63,965D6-(E1);
05.12.21 12:35:26,14.83,222.96,285.98,51.8,213.07,203.91,286.64,211.92,245.07,248.12,262.36,248.73,229.75,229.15,275.34,247.51,244.46,222.08,224.14,240.22,205.05,197.41,229.75,209.91,,,31,965,34,31.66,965D6-(E1);
05.12.21 12:35:41,15.08,236.01,272.15,27.24,169.43,178.34,209.62,175.62,215.09,173.73,225.61,219.16,212.78,200.79,255.51,213.07,191.82,189.32,198.54,184.35,169.97,190.15,219.74,163.83,,,31,965,34,31.67,965D6-(E1);
05.12.21 12:35:56,15.33,215.38,254.89,15.65,170.77,154.62,272.46,196.85,239.92,192.94,237.21,200.51,193.77,178.88,259.24,203.91,192.38,174.81,194.61,215.09,176.71,145.03,226.79,191.54,,,31,965,34,31.7,965D6-(E1);
05.12.21 12:36:11,15.58,229.45,292.53,49.4,222.96,216.54,258.92,203.91,256.13,213.07,271.19,264.56,242.04,216.83,331.57,251.19,225.9,207.04,239.02,245.98,239.02,204.48,250.57,218.87,,,31,965,34,31.71,965D6-(E1);
05.12.21 12:36:26,15.83,201.36,247.51,14.02,174.81,178.61,201.08,184.35,205.9,197.69,235.11,215.96,190.15,171.58,240.52,209.05,224.43,182.16,197.13,201.08,186.83,160.92,201.36,171.58,,,31,965,34,31.71,965D6-(E1);
05.12.21 12:36:41,16.08,238.11,268.02,32.49,195.73,175.35,244.77,189.04,224.43,186,225.61,241.43,207.04,199.67,268.97,220.04,227.08,201.08,189.88,228.86,186.83,173.46,225.9,167.56,,,31,965,34,31.73,965D6-(E1);
05.12.21 12:36:56,16.33,242.34,273.74,30.38,205.33,172.65,295.5,201.36,234.51,233.91,246.9,255.82,225.02,236.01,264.56,229.15,231.83,213.65,219.45,226.2,215.96,209.33,243.55,198.54,,,31,965,34,31.74,965D6-(E1);
05.12.21 12:37:11,16.58,208.76,238.41,30.59,179.7,169.97,237.51,172.38,207.62,182.71,194.05,238.71,202.49,169.97,247.82,209.33,205.33,176.71,179.16,206.47,148.9,158.29,212.5,169.43,,,31,965,34,31.75,965D6-(E1);
05.12.21 12:37:26,16.83,200.23,287.94,33.54,210.48,163.04,263.61,189.04,229.45,219.74,263.3,246.59,215.09,196.01,277.26,231.53,198.26,197.98,201.36,232.42,187.11,179.43,238.11,188.21,,,31,965,34,31.77,965D6-(E1);
05.12.21 12:37:41,17.08,237.21,263.93,40.35,219.74,203.34,261.73,189.04,229.45,225.02,254.89,260.17,224.43,220.04,262.36,225.31,198.26,197.13,213.65,227.97,223.26,204.48,271.19,187.94,,,31,965,34,31.78,965D6-(E1);
05.12.21 12:37:56,17.33,213.94,279.83,29.12,209.62,198.54,295.5,201.64,250.57,219.16,237.21,233.91,225.02,212.21,271.83,222.96,229.45,186.28,200.51,235.11,182.16,188.77,256.75,156.45,,,31,965,34,31.78,965D6-(E1);
05.12.21 12:38:11,17.58,241.73,280.15,35.45,230.34,210.48,247.51,201.36,239.32,209.33,231.53,238.11,234.81,201.08,276.3,235.11,218.58,199.38,217.12,267.39,220.33,186.28,251.8,196.57,,,31,965,34,31.8,965D6-(E1);
05.12.21 12:38:26,17.83,208.76,278.86,28.07,203.63,182.98,255.82,188.49,227.08,219.16,257.37,253.04,209.33,233.91,291.54,224.72,210.77,198.82,194.89,212.5,189.88,170.77,244.46,177.79,,,31,965,34,31.8,965D6-(E1);
05.12.21 12:38:42,18.1,231.53,293.85,30.38,245.38,217.71,273.1,207.33,229.15,226.79,242.04,279.19,248.43,202.21,287.94,244.77,241.13,202.49,227.08,245.68,221.21,213.07,283.06,201.93,,,31,965,34,31.81,965D6-(E1);
05.12.21 12:38:57,18.35,187.94,291.54,26.19,218,180.52,246.29,194.89,250.57,213.94,240.22,230.94,227.67,224.14,260.17,244.77,220.04,166.49,198.26,220.91,214.23,177.52,221.21,181.61,,,31,965,34,31.8,965D6-(E1);
05.12.21 12:39:12,18.6,213.36,270.56,33.33,220.33,224.72,275.66,205.33,230.04,222.67,262.36,245.68,239.92,196.01,288.59,245.07,215.09,193.21,233.62,214.81,218.29,174.54,251.8,181.34,,,31,965,34,31.81,965D6-(E1);
05.12.21 12:39:27,18.85,214.81,272.46,30.8,229.45,216.25,274.06,195.73,251.5,225.9,241.13,268.34,245.68,207.9,262.99,236.31,246.9,197.13,213.94,235.41,214.52,206.76,256.13,183.8,,,31,965,34,31.81,965D6-(E1);
05.12.21 12:39:42,19.1,249.35,298.15,46.37,238.71,191.82,243.55,195.45,248.73,216.54,268.65,250.27,240.22,230.04,282.41,239.32,201.08,180.52,215.67,231.23,222.38,199.67,258.3,172.92,,,31,965,34,31.81,965D6-(E1);
05.12.21 12:39:57,19.35,220.04,238.11,18.53,213.94,152.79,249.35,181.89,226.79,200.79,220.91,226.49,212.5,176.98,253.96,215.09,194.89,171.58,186.56,213.36,173.73,181.89,224.14,165.43,,,31,965,34,31.81,965D6-(E1);
05.12.21 12:40:12,19.6,233.02,291.54,29.33,245.68,201.93,307.85,200.51,241.13,207.33,264.24,238.71,222.38,185.45,260.48,247.21,222.08,197.13,229.75,257.06,203.63,179.43,275.02,191.54,,,31,965,34,31.81,965D6-(E1);
05.12.21 12:40:27,19.85,241.73,269.29,38.64,247.82,199.67,274.38,202.49,251.5,226.79,256.75,273.74,239.32,228.27,270.87,229.15,217.71,226.2,205.05,239.92,192.66,204.76,242.94,184.63,,,31,965,34,31.83,965D6-(E1);
05.12.21 12:40:42,20.1,214.81,281.44,31.22,239.02,193.21,314.63,197.13,230.64,198.26,236.61,256.44,225.61,182.71,239.62,228.27,231.53,182.98,209.33,230.64,189.32,173.73,225.9,191.82,,,31,965,34,31.83,965D6-(E1);
05.12.21 12:40:57,20.35,215.09,271.19,24.94,223.55,195.17,249.96,183.8,226.49,184.63,238.71,256.75,224.14,189.32,267.39,207.62,212.78,157.76,178.07,198.82,193.21,166.76,227.08,167.29,,,31,965,34,31.81,965D6-(E1);
05.12.21 12:41:12,20.6,215.67,260.17,11.98,213.07,182.43,249.35,175.9,223.26,200.23,231.23,225.9,221.79,177.79,263.61,223.84,225.31,178.34,214.52,239.92,184.63,173.73,226.49,172.12,,,31,965,34,31.81,965D6-(E1);
05.12.21 12:41:27,20.85,228.27,298.15,29.12,259.24,210.48,260.8,218,269.92,239.02,263.3,263.61,254.27,205.9,278.86,239.02,238.11,209.33,245.38,233.91,213.07,220.33,263.93,208.76,,,31,965,34,31.81,965D6-(E1);
05.12.21 12:41:42,21.1,257.99,289.25,38.42,261.11,205.33,270.56,203.34,232.13,218.29,264.56,246.59,243.55,224.14,287.29,236.31,228.56,183.26,195.45,229.75,195.45,198.26,239.32,178.07,,,31,965,34,31.8,965D6-(E1);
05.12.21 12:41:57,21.35,241.13,291.22,18.73,233.32,199.38,259.24,194.05,229.45,189.88,213.07,257.68,265.81,189.6,271.19,240.52,217.71,170.77,210.48,241.13,201.93,207.04,231.23,175.9,,,31,965,34,31.81,965D6-(E1);
05.12.21 12:42:12,21.6,255.2,287.94,22.04,255.82,182.16,268.34,211.92,261.73,221.21,271.19,265.5,263.3,222.08,265.81,233.02,238.41,185.73,210.19,234.81,237.21,204.76,265.5,185.45,,,31,965,34,31.8,965D6-(E1);
05.12.21 12:42:27,21.85,252.42,268.97,24.11,229.75,196.01,311.57,190.71,234.81,222.38,247.82,262.36,239.92,196.01,299.48,243.86,215.38,189.88,208.47,207.04,210.48,167.02,220.33,178.07,,,31,965,34,31.81,965D6-(E1);
05.12.21 12:42:42,22.1,236.61,273.42,43.13,244.16,208.19,264.56,194.89,233.32,227.97,291.54,250.27,258.3,212.78,262.99,248.73,219.74,184.63,213.94,232.13,185.45,182.71,242.64,166.76,,,31,965,34,31.81,965D6-(E1);
05.12.21 12:42:57,22.35,246.9,264.56,25.78,226.49,166.22,280.8,176.17,218.87,180.79,238.71,236.31,238.71,187.94,246.59,212.78,218.87,174.81,199.1,238.41,187.94,184.9,221.79,160.92,,,31,965,34,31.81,965D6-(E1);
05.12.21 12:43:12,22.6,242.34,287.94,25.78,249.35,219.74,282.09,197.69,262.36,210.19,226.2,254.58,257.06,215.96,292.53,246.29,217.71,197.69,212.21,247.21,205.33,209.62,246.9,206.19,,,31,965,34,31.81,965D6-(E1);
05.12.21 12:43:27,22.85,226.49,286.31,19.35,252.42,194.33,277.26,193.49,255.51,209.05,257.68,248.73,252.42,208.76,259.86,220.91,220.33,166.76,207.9,229.15,196.29,174.27,235.11,197.98,,,31,965,34,31.81,965D6-(E1);
05.12.21 12:43:42,23.1,298.15,287.61,36.51,242.34,218.29,272.46,210.48,262.67,214.23,270.87,262.36,268.34,227.97,275.02,228.27,259.86,184.08,218.29,243.55,201.64,197.69,254.89,205.05,,,31,965,34,31.83,965D6-(E1);
05.12.21 12:43:57,23.35,275.34,285.01,40.35,241.43,226.2,307.52,195.73,244.77,244.46,306.84,254.58,257.06,214.52,291.87,242.04,234.51,170.5,212.21,245.07,205.9,194.05,245.98,165.96,,,31,965,34,31.84,965D6-(E1);
05.12.21 12:44:12,23.6,243.25,288.92,29.75,249.35,197.69,266.13,200.79,243.86,203.06,260.8,256.13,260.8,205.62,276.3,240.52,230.04,167.56,206.47,239.32,204.2,194.61,242.34,183.53,,,31,965,34,31.85,
05.12.21 12:44:27,23.85,244.77,287.61,29.33,249.35,197.69,264.24,200.79,243.86,202.21,261.11,257.06,260.48,206.19,275.66,240.22,230.94,166.22,206.19,238.41,203.91,194.33,239.62,182.71,,,31,965,34,31.86,
05.12.21 12:44:42,24.1,245.68,283.71,29.75,249.65,197.69,260.48,201.93,244.16,202.49,262.99,257.99,261.42,207.9,274.38,240.83,232.42,165.96,206.47,236.31,204.2,192.94,239.62,182.43,,,31,965,34,31.85,
05.12.21 12:44:57,24.35,244.16,281.77,29.75,249.35,197.69,256.44,201.36,243.55,202.21,264.24,258.92,260.8,209.33,271.83,240.52,233.32,164.89,205.9,234.21,205.9,190.71,237.81,182.16,,,31,965,34,31.85,
05.12.21 12:45:12,24.6,245.07,283.39,29.75,249.04,197.13,253.04,200.79,242.94,201.93,265.81,259.55,262.99,213.36,274.38,241.13,233.91,163.83,205.9,233.02,205.33,189.04,238.11,182.16,,,31,965,34,31.83,
05.12.21 12:45:27,24.85,246.59,281.44,29.96,248.12,197.41,249.65,200.79,242.04,202.21,265.5,260.48,263.61,217.12,270.56,241.13,237.21,163.04,206.19,231.83,206.47,187.38,233.62,182.16,,,31,965,34,31.81,
05.12.21 12:45:42,25.1,244.16,284.68,29.54,247.51,196.29,246.29,199.38,246.59,202.49,265.5,260.17,266.13,214.81,272.15,241.13,238.41,160.66,205.9,230.94,205.9,185.45,230.34,181.89,,,31,965,34,31.8,
05.12.21 12:45:57,25.35,241.73,280.15,29.96,246.9,196.01,244.77,199.1,241.13,202.21,266.13,260.48,264.56,216.83,267.39,240.22,239.32,159.6,205.62,230.04,203.63,184.63,228.86,182.16,,,31,965,34,31.78,
05.12.21 12:46:12,25.6,242.64,278.86,29.54,245.68,194.89,241.73,197.69,240.52,201.93,266.13,259.55,263.3,216.54,266.13,240.22,239.32,158.02,205.33,229.15,199.38,181.89,230.94,181.34,,,31,965,34,31.78,
05.12.21 12:46:27,25.85,241.43,278.22,29.75,244.46,194.89,239.92,198.82,240.83,201.93,266.76,260.17,263.93,218.58,265.5,240.52,240.22,156.97,205.62,227.97,204.2,180.79,222.67,181.61,,,31,965,34,31.75,
05.12.21 12:46:42,26.1,247.82,277.26,29.33,242.94,194.61,236.91,196.85,240.22,201.08,266.76,259.55,264.87,219.16,263.61,239.92,240.22,154.62,205.33,226.79,200.23,177.79,222.67,180.79,,,31,965,34,31.75,
05.12.21 12:46:57,26.35,243.25,277.26,29.33,241.73,190.43,234.51,196.01,240.52,201.64,266.76,259.24,268.02,222.96,262.05,239.92,239.92,155.14,205.33,225.9,200.79,175.62,220.04,181.07,,,31,965,34,31.73,
05.12.21 12:47:12,26.6,239.92,276.3,29.54,240.52,188.49,232.42,194.89,239.32,201.08,266.13,257.99,260.8,225.31,260.17,239.02,239.92,148.9,204.48,224.43,198.82,172.92,218.58,180.52,,,31,965,34,31.73,
05.12.21 12:47:27,26.85,239.62,276.62,29.75,240.52,187.94,230.64,194.33,239.32,201.64,267.07,257.37,260.48,224.14,262.05,239.02,240.52,146.58,205.62,223.84,196.85,171.58,217.42,180.52,,,31,965,34,31.71,
05.12.21 12:47:42,27.1,238.41,275.66,29.54,238.41,186.83,228.56,193.77,238.41,201.64,266.44,257.06,258.92,220.62,260.8,238.11,240.22,144.52,204.76,222.38,196.29,168.63,217.12,180.25,,,31,965,34,31.71,
05.12.21 12:47:57,27.35,237.51,273.1,29.33,237.51,186.56,226.2,192.66,237.51,200.51,266.44,256.44,258.61,220.62,258.3,237.21,239.32,141.96,204.48,221.21,193.77,166.22,215.96,179.7,,,31,965,34,31.7,
05.12.21 12:48:12,27.6,237.21,275.34,29.75,237.21,186.28,227.08,191.54,237.51,201.36,266.44,256.44,262.99,220.62,257.68,236.91,238.71,140.94,205.05,220.33,193.49,164.1,214.23,180.25,,,31,965,34,31.7,
05.12.21 12:48:27,27.85,236.31,271.51,29.54,235.71,185.73,225.9,190.43,235.41,201.08,265.81,255.82,256.75,220.33,250.88,234.81,237.81,138.65,205.05,218.87,195.73,162.24,212.5,179.16,,,31,965,34,31.69,
05.12.21 12:48:42,28.1,234.81,269.6,29.54,235.41,186,225.02,189.88,234.21,200.79,265.5,255.82,256.75,220.04,248.43,235.11,237.21,136.87,205.33,217.71,193.77,160.92,209.05,179.43,,,31,965,34,31.67,
05.12.21 12:48:57,28.35,233.62,270.87,29.33,233.62,185.73,223.26,189.04,232.42,200.23,264.24,254.27,255.51,219.45,246.59,233.91,235.71,135.35,204.76,216.25,190.99,158.55,209.91,178.88,,,31,965,34,31.67,
05.12.21 12:49:12,28.6,233.02,272.15,29.33,233.32,185.45,222.38,187.66,231.23,200.51,262.99,251.8,255.2,220.04,245.07,233.91,235.71,133.84,205.05,215.67,189.04,156.71,206.19,178.61,,,31,965,34,31.66,
05.12.21 12:49:27,28.85,232.13,266.13,29.33,232.72,185.18,220.91,187.11,230.34,200.79,262.99,248.43,253.34,217.12,244.46,233.32,234.51,132.58,204.76,213.65,186.56,154.88,201.08,178.34,,,31,965,34,31.64,
05.12.21 12:49:42,29.1,230.34,264.56,29.12,230.94,184.63,219.16,186.28,228.86,199.95,262.67,245.38,252.73,215.09,244.16,232.42,233.02,131.32,204.48,212.5,186,152.79,200.23,178.07,,,31,965,34,31.64,
05.12.21 12:49:57,29.35,229.75,268.34,29.33,230.04,185.18,218.87,186.28,228.27,200.51,261.42,245.07,252.42,215.09,240.83,231.83,232.72,131.83,204.76,211.92,188.77,153.05,199.95,177.79,,,31,965,34,31.63,
05.12.21 12:50:12,29.6,228.56,264.56,29.54,228.56,184.08,215.38,184.9,227.67,200.23,261.11,244.46,251.5,213.94,239.92,230.94,231.83,128.07,204.2,210.19,186.83,152.01,198.54,177.79,,,31,965,34,31.61,
05.12.21 12:50:27,29.85,227.67,266.44,29.33,227.67,183.8,214.23,184.9,227.08,200.23,262.05,244.16,250.57,213.07,238.71,230.34,230.64,124.84,204.76,209.33,186.28,151.23,196.85,178.07,,,31,965,34,31.61,
05.12.21 12:50:42,30.1,226.49,262.36,29.33,226.49,183.26,211.06,183.8,225.02,200.51,260.48,243.55,249.04,212.5,237.51,229.15,230.34,122.61,204.76,208.19,185.45,150.71,195.73,177.79,,,31,965,34,31.6,
05.12.21 12:50:57,30.35,225.31,258.61,29.12,224.72,182.43,214.23,182.43,222.96,199.67,259.24,243.25,247.82,212.5,236.31,228.56,227.67,121.13,204.2,206.47,184.9,149.42,194.33,177.25,,,31,965,34,31.6,
05.12.21 12:51:12,30.6,223.84,254.27,29.33,223.84,182.16,211.06,181.89,221.79,199.95,258.92,242.94,245.98,209.62,235.41,227.97,227.38,120.14,204.76,205.05,184.63,148.64,193.49,177.25,,,31,965,34,31.59,
05.12.21 12:51:27,30.85,222.96,250.88,29.12,221.5,181.89,206.19,180.79,220.04,199.38,257.37,242.94,244.16,208.19,233.91,227.08,226.2,118.18,204.2,203.06,184.08,147.87,192.66,176.98,,,31,965,34,31.59,
05.12.21 12:51:42,31.1,222.38,249.04,29.12,219.74,181.34,208.47,179.43,219.16,199.38,257.06,242.64,242.64,206.76,233.02,226.79,225.02,115,203.91,201.08,187.66,146.83,190.71,177.25,,,31,965,34,31.58,
05.12.21 12:51:57,31.35,221.5,247.51,29.12,217.42,180.79,204.48,178.88,217.42,199.1,257.06,241.73,241.13,205.62,230.94,225.61,224.43,112.81,204.2,199.1,186,145.8,189.04,176.44,,,31,965,34,31.56,
05.12.21 12:52:12,31.6,220.62,245.07,29.12,215.67,180.52,203.91,177.79,216.25,199.1,256.13,241.73,239.62,203.91,229.75,225.31,222.96,110.62,204.2,197.69,187.66,144.52,188.21,176.71,,,31,965,34,31.55,
05.12.21 12:52:27,31.85,219.74,241.43,28.91,213.65,179.97,199.38,176.71,215.67,199.1,252.42,240.22,238.11,203.34,228.27,224.14,221.21,108.93,203.63,195.73,181.34,143.75,184.63,176.44,,,31,965,34,31.55,
05.12.21 12:52:42,32.1,218.29,240.52,29.12,211.63,179.97,199.38,176.44,213.36,198.82,252.42,238.71,236.31,201.93,226.49,223.55,219.16,107.25,203.91,193.77,177.52,142.73,181.89,175.9,,,31,965,34,31.55,
05.12.21 12:52:57,32.35,215.96,236.31,29.33,208.47,179.7,195.73,175.35,211.06,198.82,250.88,237.51,235.11,200.51,224.72,223.26,218.29,108.45,203.91,191.82,175.35,141.96,176.44,176.17,,,31,965,34,31.53,
05.12.21 12:53:12,32.6,213.94,236.31,29.12,206.19,178.88,196.29,175.9,208.47,198.54,249.35,235.41,233.91,199.95,222.96,222.67,216.54,101.98,204.2,189.88,174.54,140.43,176.71,175.62,,,31,965,34,31.53,
05.12.21 12:53:27,32.85,211.63,235.41,29.12,203.63,178.88,194.33,174.54,206.19,198.82,246.9,234.51,233.02,197.41,222.08,221.21,214.23,100.07,204.2,187.38,172.92,139.41,178.07,176.17,,,31,965,34,31.52,
05.12.21 12:53:42,33.1,209.33,233.02,29.33,201.64,178.61,188.77,173.19,204.2,198.82,245.98,233.32,230.64,195.45,222.38,220.62,211.92,99.36,203.91,185.45,172.12,137.63,175.35,175.62,,,31,965,34,31.5,
05.12.21 12:53:57,33.35,208.47,232.72,29.12,199.67,178.07,188.21,172.92,201.36,198.82,242.94,232.13,230.34,193.21,222.38,220.04,209.91,96.28,203.91,182.43,173.19,136.62,172.65,175.35,,,31,965,34,31.5,
05.12.21 12:54:12,33.6,206.19,233.91,28.91,197.69,177.79,184.08,172.38,200.51,198.54,239.32,231.83,229.45,190.99,218.29,219.45,209.05,94.16,203.63,180.52,172.38,135.1,172.38,174.54,,,31,965,34,31.49,
05.12.21 12:54:27,33.85,204.76,231.53,28.7,195.17,177.25,182.98,171.85,198.26,198.26,236.91,229.45,228.27,189.88,215.96,218.58,208.76,92.05,203.63,178.07,172.12,133.84,169.16,174.81,,,31,965,34,31.49,
05.12.21 12:54:42,34.1,202.78,230.34,28.7,193.49,176.44,182.71,170.5,194.89,197.41,239.32,228.56,226.49,188.49,211.63,218,204.48,90.41,203.63,175.62,170.5,132.58,169.97,174.54,,,31,965,34,31.48,
05.12.21 12:54:57,34.35,201.36,229.75,29.12,191.82,176.71,180.52,169.7,192.66,197.98,234.21,226.79,226.2,187.66,211.06,218,201.08,89.48,203.91,172.65,169.97,131.57,167.56,174.54,,,31,965,34,31.48,
05.12.21 12:55:12,34.6,199.38,229.45,28.91,190.15,176.17,178.61,167.29,189.32,197.69,232.13,223.84,225.02,186,209.91,217.71,200.51,88.08,203.63,169.97,166.76,130.32,165.96,174,,,31,965,34,31.46,
05.12.21 12:55:27,34.85,197.69,228.86,28.7,188.49,175.9,177.79,165.96,187.38,197.69,231.53,220.91,223.84,185.18,207.33,216.83,200.23,86.69,203.63,168.09,163.57,129.07,165.69,174,,,31,965,34,31.46,
05.12.21 12:55:42,35.1,196.01,225.31,28.49,186.28,175.08,177.25,164.89,186,197.98,230.34,217.12,222.67,183.8,206.47,215.09,198.54,84.37,203.34,165.96,160.13,127.07,164.89,173.46,,,31,965,34,31.46,
05.12.21 12:55:57,35.35,194.89,225.02,28.7,184.35,174.54,176.71,166.22,184.63,197.69,229.75,213.94,220.91,182.98,205.62,213.94,197.69,83.68,203.06,165.16,157.76,125.33,164.1,173.73,,,31,965,34,31.44,
05.12.21 12:56:12,35.6,193.49,221.79,28.91,182.43,174.27,176.44,164.1,183.8,197.41,228.86,213.07,219.74,180.79,207.33,212.78,195.73,82.29,203.34,163.57,157.5,123.84,163.04,173.73,,,31,965,34,31.45,
05.12.21 12:56:27,35.85,192.94,220.91,28.91,181.34,174,175.62,164.36,183.26,197.98,228.27,211.34,218.87,179.97,205.33,212.78,194.61,82.52,203.63,162.77,155.14,122.86,163.3,173.46,,,31,965,34,31.44,
05.12.21 12:56:42,36.1,191.54,218,28.7,179.97,173.73,175.35,162.24,182.43,197.41,228.27,210.48,217.42,177.79,204.48,211.63,192.94,80.91,203.34,161.71,152.27,120.63,160.39,173.19,,,31,965,34,31.42,
05.12.21 12:56:57,36.35,190.71,215.38,28.7,178.88,172.92,174.81,161.45,181.07,196.85,227.38,210.19,216.54,176.71,204.48,211.34,191.26,80.22,203.06,160.39,150.71,119.4,160.66,172.38,,,31,965,34,31.42,
05.12.21 12:57:12,36.6,190.99,214.52,28.49,177.52,172.92,174,161.18,180.52,196.85,226.2,209.62,215.96,175.08,204.2,210.77,190.43,80.68,203.34,159.07,150.71,118.18,160.13,172.92,,,31,965,34,31.42,
05.12.21 12:57:27,36.85,190.15,213.07,28.7,175.9,172.65,172.38,160.92,178.88,196.29,224.14,208.47,215.09,172.92,203.63,210.48,189.04,79.08,203.34,156.19,150.19,116.71,160.39,172.92,,,31,965,34,31.42,
05.12.21 12:57:42,37.1,189.32,212.5,28.49,175.08,171.58,171.31,159.6,177.25,196.29,222.38,207.62,213.36,171.85,202.49,209.62,187.66,76.56,203.06,154.62,149.42,114.75,158.55,172.12,,,31,965,34,31.39,
05.12.21 12:57:57,37.35,188.77,212.21,28.7,173.73,170.77,170.5,159.07,175.9,196.29,221.21,207.62,212.78,170.77,202.21,209.05,186.83,73.61,202.78,153.05,148.12,113.54,156.97,172.12,,,31,965,34,31.39,
05.12.21 12:58:12,37.6,188.49,212.78,28.7,173.46,170.5,169.43,159.6,174.81,196.29,221.21,205.05,212.78,168.89,201.64,208.19,186.28,71.12,203.34,152.53,146.32,112.56,154.36,172.65,,,31,965,34,31.39,
05.12.21 12:58:27,37.85,187.94,212.5,28.7,172.38,169.7,167.83,157.76,172.65,196.85,220.04,201.36,212.21,171.04,201.36,207.9,185.45,68.64,202.78,151.49,143.75,111.35,151.75,172.12,,,31,965,34,31.38,
05.12.21 12:58:42,38.1,186.28,210.77,28.49,170.77,169.16,166.22,156.45,171.04,196.01,216.54,198.54,211.34,165.96,200.79,206.76,184.63,69.09,203.06,149.68,142.21,109.42,150.71,171.85,,,31,965,34,31.38,
05.12.21 12:58:57,38.35,185.45,211.63,28.28,170.23,168.63,164.63,155.66,168.89,195.45,216.54,195.73,210.77,164.89,199.1,206.47,183.26,66.84,203.06,149.16,140.43,107.97,149.68,171.58,,,31,965,34,31.38,
05.12.21 12:59:12,38.6,184.63,209.91,28.28,169.7,167.56,163.3,155.66,167.56,195.73,214.81,193.77,209.91,163.83,197.69,206.19,182.71,65.72,202.78,148.12,139.66,106.28,148.38,171.85,,,31,965,34,31.35,
05.12.21 12:59:27,38.85,183.53,210.19,28.49,168.63,167.29,162.51,155.66,165.69,196.01,211.92,192.66,209.33,163.57,197.69,206.47,181.34,66.39,203.06,147.87,139.15,105.08,149.68,172.12,,,31,965,34,31.38,