Measurement Name :,20210617_Pairs_27C,,Generated On :,"17/06/2021, 12:24:49",,,Calibration details for Oxygen,,,Report :,"@m02:IDENTIFICATION
Serial number     : SEBX0007000710      
MUX channel       : ON - 02

PARAMETERS
Sig LED current   : 040
Ref LED current   : 075
Frequency         : 060
Sending interval  : 0000
Pulse lenght      : 06
Red REF comp.     : ON
Temperature comp. : ON

FIRMWARE
ver.4.039.A3.ST   : 04/30/07, 09:14:36
@m02:RDY

",,Other Report :,"Start Temperature : 
End Temperature        : 
Start Humidity         : 
End Humidity           : 
Ref.phase Corre        : 1
Dig. Ampl.Factor       : 
Mod. Coarse Freq.      : 
Mod. Fine Freq.        : 
Mod. Shape             : 
Mono or Stero          : 
Phase Shift            : 
Sampling Rate          : 
Temp. Corr Slop Coef   : 
",,,,,,,,,,,,,,,,
Start Date/Time:,"17/06/2021, 11:18:35",,,,,,Batch No.:  ,PSt5-1624-01_25¡C,,,,,,,,,,,,,,,,,,,,,,
End Date/Time:,"17/06/2021, 12:23:42",,,,,,O2_cal0 [¡],54.76,,,,,,,,,,,,,,,,,,,,,,
User Comment :,0,,Meas. Created By :,admin,,,O2_cal2nd [¡],47.47,,,,,,,,,,,,,,,,,,,,,,
SDR Serial No. :,S-710,,,,,,O2_T0 [¡C],24.8,,,,,,,,,,,,,,,,,,,,,,
Parameter :,Oxygen [cO2 [µmol/L]],,,,,,O2_T2nd [¡C],24.8,,,,,,,,,,,,,,,,,,,,,,
,,,,,,,O2_patm [mbar],965,,,,,,,,,,,,,,,,,,,,,,
,,,,,,,O2_2nd [% a.s.],100,,,,,,,,,,,,,,,,,,,,,,
,,,,,,,,,,,,,,,,,,,,,,,,,,,,,,
,,,,,,,,,,,,,,,,,,,,,,,,,,,,,,
,,,,,,,,,,,,,,,,,,,,,,,,,,,,,,
,,,,,,,,,,,,,,,,,,,,,,,,,,,,,,
Date/Time,Time/Min.,A1,B1,C1,D1,A2,B2,C2,D2,A3,B3,C3,D3,A4,B4,C4,D4,A5,B5,C5,D5,A6,C6,D6,,Tm [¡C],p [mbar],Salinity [g/1000g],T_internal [¡C],Error
17.06.21 11:18:37,0.03,224.88,207.95,169.15,205.47,215.73,195.07,215.73,224.56,202.4,193.25,191.73,229.02,178.27,198.72,191.13,202.09,184.22,194.76,206.71,212.29,200.56,199.03,213.85,,27,965,34,29.85,965D6-(E1);
17.06.21 11:18:52,0.28,223.29,204.86,174.14,224.24,223.29,191.43,213.54,212.29,219.19,199.33,188.42,198.72,173.55,175.32,181.24,200.56,189.32,196.89,209.5,211.98,212.92,211.67,218.87,,27,965,34,29.73,965D6-(E1);
17.06.21 11:19:07,0.53,226.79,214.79,171.79,204.24,209.81,215.73,207.02,215.73,190.53,188.72,195.37,214.79,177.68,185.72,193.55,216.36,195.67,205.17,207.33,197.81,212.29,214.17,220.13,,27,965,34,29.67,965D6-(E1);
17.06.21 11:19:22,0.78,237.05,201.17,188.42,227.1,217.93,224.24,184.22,230.3,199.94,201.48,209.5,217.93,170.32,183.33,194.16,220.45,183.03,206.4,207.95,201.48,214.48,209.5,218.24,,27,965,34,29.63,965D6-(E1);
17.06.21 11:19:37,1.03,223.61,218.24,171.5,229.98,206.4,199.94,212.92,223.29,222.03,206.09,195.07,218.56,187.22,199.33,198.42,189.62,193.25,191.73,211.05,209.5,215.11,217.61,220.13,,27,965,34,29.61,965D6-(E1);
17.06.21 11:19:52,1.28,231.26,212.61,182.73,234.79,219.19,208.26,182.43,229.66,210.43,202.4,197.2,204.86,192.94,190.83,186.02,203.32,191.73,204.86,194.76,211.05,219.82,216.67,212.92,,27,965,34,29.61,965D6-(E1);
17.06.21 11:20:07,1.53,218.56,216.36,183.33,230.3,221.39,211.05,206.71,229.66,215.11,212.61,209.81,207.02,177.38,199.33,189.32,203.01,209.81,191.73,216.36,210.12,217.61,223.93,224.24,,27,965,34,29.63,965D6-(E1);
17.06.21 11:20:22,1.78,228.38,214.17,172.67,225.83,216.36,205.17,186.32,222.34,206.71,199.33,197.81,223.61,177.68,179.75,207.95,198.42,203.93,211.98,221.71,206.09,216.67,216.99,217.61,,27,965,34,29.63,965D6-(E1);
17.06.21 11:20:37,2.03,240.29,226.47,178.57,220.45,224.88,224.56,218.87,226.79,212.29,195.67,185.12,228.38,188.72,195.98,181.84,220.45,202.7,215.42,209.19,226.15,221.39,222.97,217.3,,27,965,34,29.64,965D6-(E1);
17.06.21 11:20:52,2.28,234.15,200.56,172.96,233.83,223.61,195.67,223.61,221.39,220.45,203.01,182.13,214.17,184.82,188.42,188.72,216.04,197.5,209.19,220.13,209.19,217.3,212.29,223.93,,27,965,34,29.67,965D6-(E1);
17.06.21 11:21:07,2.53,223.61,230.3,183.03,240.94,230.94,211.05,212.92,217.61,216.99,206.71,186.02,228.06,180.65,185.72,210.74,206.09,202.7,206.71,225.51,212.92,221.08,214.79,220.45,,27,965,34,29.69,965D6-(E1);
17.06.21 11:21:22,2.78,229.98,226.79,174.14,222.34,219.19,202.7,208.57,220.76,223.93,212.92,205.47,214.48,189.02,200.86,205.47,217.61,195.37,199.64,222.97,215.11,221.39,219.19,218.56,,27,965,34,29.71,965D6-(E1);
17.06.21 11:21:37,3.03,235.44,239.32,172.67,231.9,236.08,208.57,226.79,228.06,204.24,208.88,196.28,226.79,203.32,207.02,203.63,215.11,208.26,220.13,216.36,221.71,232.54,221.08,215.11,,27,965,34,29.74,965D6-(E1);
17.06.21 11:21:52,3.28,239.97,218.87,182.13,245.51,230.94,229.98,234.47,216.99,212.61,217.3,193.25,224.24,194.46,201.48,220.13,211.05,209.5,213.54,212.61,216.99,222.03,215.73,229.02,,27,965,34,29.75,965D6-(E1);
17.06.21 11:22:07,3.53,239.97,211.05,170.03,232.54,228.06,221.71,244.86,232.86,222.66,200.25,199.64,202.7,198.72,209.19,210.43,202.7,189.02,187.82,210.74,201.78,212.92,216.67,224.88,,27,965,34,29.78,965D6-(E1);
17.06.21 11:22:22,3.78,238.35,216.04,173.84,247.15,222.66,197.81,217.61,208.57,233.83,212.92,203.63,221.08,194.76,195.07,215.73,207.64,198.72,198.11,218.24,221.71,222.66,232.86,219.5,,27,965,34,29.8,965D6-(E1);
17.06.21 11:22:37,4.03,239,214.48,191.73,232.54,217.3,235.44,235.44,213.54,219.5,211.36,201.78,228.7,186.32,192.34,204.86,224.56,206.09,203.93,216.04,205.78,221.39,220.76,219.19,,27,965,34,29.81,965D6-(E1);
17.06.21 11:22:52,4.28,234.47,226.79,188.42,231.26,223.29,214.79,198.42,219.82,222.97,216.04,209.81,229.34,210.43,194.76,212.61,195.98,216.67,224.24,209.19,231.9,226.47,230.62,229.02,,27,965,34,29.84,965D6-(E1);
17.06.21 11:23:07,4.53,235.12,220.13,164.79,227.74,233.51,207.64,231.9,222.34,210.74,216.99,206.4,225.83,194.16,190.22,201.17,209.5,199.33,215.11,224.24,208.26,221.39,227.74,216.99,,27,965,34,29.85,965D6-(E1);
17.06.21 11:23:22,4.78,242.25,211.67,175.61,219.82,232.22,220.45,222.03,207.95,222.97,219.5,198.11,219.82,183.33,196.28,186.32,217.3,189.62,209.5,202.4,214.48,216.36,206.71,218.87,,27,965,34,29.88,965D6-(E1);
17.06.21 11:23:37,5.03,232.22,225.19,177.09,213.23,213.85,212.61,226.79,217.61,213.23,202.7,208.57,209.81,200.25,197.2,175.61,200.56,205.78,206.71,213.54,222.97,218.24,218.56,219.19,,27,965,34,29.91,965D6-(E1);
17.06.21 11:23:52,5.28,226.15,206.71,189.02,236.41,214.79,219.82,201.78,206.09,208.26,198.72,190.22,204.86,175.02,194.76,196.89,212.29,202.4,186.32,215.11,199.03,218.24,211.98,218.87,,27,965,34,29.92,965D6-(E1);
17.06.21 11:24:07,5.53,243.22,220.76,195.98,236.08,222.66,214.17,209.19,216.36,214.48,220.45,218.56,219.19,174.73,194.76,211.05,203.93,199.64,203.63,205.47,222.66,221.71,218.87,217.3,,27,965,34,29.94,965D6-(E1);
17.06.21 11:24:22,5.78,218.87,217.61,169.15,228.06,226.79,207.33,230.94,221.71,219.19,216.04,200.25,229.34,206.71,194.46,192.04,216.04,203.32,219.19,200.86,207.02,212.92,202.09,223.29,,27,965,34,29.96,965D6-(E1);
17.06.21 11:24:37,6.03,229.66,202.09,170.32,232.54,210.12,201.48,195.37,213.85,213.85,207.64,187.52,219.19,200.25,217.3,214.17,209.5,203.93,212.92,193.55,213.85,210.43,209.5,224.88,,27,965,34,29.98,965D6-(E1);
17.06.21 11:24:52,6.28,246.49,220.76,174.14,216.04,219.19,214.17,195.98,220.45,212.61,207.95,207.02,235.12,188.42,200.86,209.81,213.23,215.73,207.64,218.56,201.17,217.3,216.36,211.05,,27,965,34,29.99,965D6-(E1);
17.06.21 11:25:07,6.53,234.79,241.92,174.73,235.12,221.71,228.7,212.92,208.57,221.08,204.86,207.02,225.51,194.16,199.94,207.64,208.57,213.23,205.47,206.09,209.5,211.67,214.48,211.05,,27,965,34,30,965D6-(E1);
17.06.21 11:25:22,6.78,239.64,218.87,186.32,238.67,212.92,227.1,213.54,230.94,213.85,211.98,204.55,222.03,191.43,194.16,222.34,225.83,206.71,199.64,216.36,228.38,217.3,215.42,224.24,,27,965,34,30.03,965D6-(E1);
17.06.21 11:25:37,7.03,229.34,232.86,175.61,216.04,211.36,224.56,246.82,218.87,212.92,217.93,207.02,239.32,190.83,200.86,203.01,207.95,190.22,206.09,223.29,202.7,224.56,214.48,225.83,,27,965,34,30.03,965D6-(E1);
17.06.21 11:25:52,7.28,241.27,238.67,204.24,251.43,250.11,216.67,227.74,229.66,232.54,214.17,224.56,237.7,216.99,206.09,214.79,228.06,216.99,216.67,221.71,229.98,232.86,233.83,229.34,,27,965,34,30.06,965D6-(E1);
17.06.21 11:26:07,7.53,244.53,241.92,197.5,224.88,217.3,204.86,224.56,222.34,221.08,207.95,208.57,233.51,204.86,198.11,205.47,213.85,192.64,223.61,208.57,226.79,222.66,214.17,216.04,,27,965,34,30.06,965D6-(E1);
17.06.21 11:26:22,7.78,236.41,219.5,192.64,217.61,227.1,227.42,219.82,211.05,222.66,215.11,204.86,226.15,199.64,189.92,228.38,216.04,203.32,210.43,206.09,212.29,216.36,211.05,218.87,,27,965,34,30.08,965D6-(E1);
17.06.21 11:26:37,8.03,230.62,233.18,189.62,229.66,233.18,199.33,213.54,212.92,210.74,210.43,218.24,216.67,195.67,194.76,208.26,204.86,203.01,212.92,194.76,218.24,226.79,211.98,224.88,,27,965,34,30.06,965D6-(E1);
17.06.21 11:26:52,8.28,243.55,215.42,203.93,232.22,228.7,212.92,203.93,210.12,210.12,218.87,205.78,211.67,199.03,197.81,217.93,220.76,211.05,208.26,221.08,213.85,222.97,233.51,228.7,,27,965,34,30.08,965D6-(E1);
17.06.21 11:27:07,8.53,232.86,217.93,182.73,236.41,216.99,209.19,212.61,232.54,217.61,207.95,203.32,223.93,193.85,195.98,216.99,197.81,209.81,205.47,208.57,214.48,216.99,223.29,218.87,,27,965,34,30.08,965D6-(E1);
17.06.21 11:27:22,8.78,239.64,221.39,168.28,229.34,220.45,215.11,222.03,213.54,207.33,215.11,201.78,230.62,201.78,183.92,215.73,195.37,195.67,197.81,205.47,215.11,220.13,222.34,216.04,,27,965,34,30.08,965D6-(E1);
17.06.21 11:27:37,9.03,232.22,222.66,188.12,247.81,222.03,196.28,227.42,224.88,215.11,202.09,193.85,208.88,214.79,184.52,203.63,208.57,203.01,209.81,213.23,202.09,218.87,209.81,213.23,,27,965,34,30.09,965D6-(E1);
17.06.21 11:27:52,9.28,231.58,219.19,185.42,244.86,228.7,220.13,238.35,212.29,216.04,214.17,208.57,221.39,214.17,202.7,217.93,200.86,195.37,220.45,203.93,216.67,221.71,215.11,221.08,,27,965,34,30.08,965D6-(E1);
17.06.21 11:28:07,9.53,230.3,215.73,182.13,238.02,230.94,211.36,218.87,234.15,210.12,200.56,208.57,207.33,211.67,196.89,183.03,229.66,198.42,215.11,223.93,222.66,221.39,221.71,224.88,,27,965,34,30.08,965D6-(E1);
17.06.21 11:28:22,9.78,241.92,226.79,200.25,232.22,232.54,209.81,224.24,227.42,225.83,203.63,220.76,225.19,204.55,183.92,210.74,213.23,201.78,208.57,222.34,222.97,227.74,222.34,225.51,,27,965,34,30.08,965D6-(E1);
17.06.21 11:28:37,10.03,223.29,219.5,202.7,230.62,221.71,207.64,214.79,224.88,220.45,209.81,215.11,236.41,207.02,186.02,206.09,226.15,204.55,227.42,213.54,204.86,219.82,219.82,216.04,,27,965,34,30.06,965D6-(E1);
17.06.21 11:28:52,10.28,249.78,243.88,193.85,241.92,218.56,216.36,229.34,229.66,213.23,215.42,204.86,222.34,202.7,198.11,212.92,219.82,203.93,206.71,227.42,214.48,218.24,218.24,217.61,,27,965,34,30.06,965D6-(E1);
17.06.21 11:29:07,10.53,230.62,236.41,188.42,221.08,230.94,224.88,223.93,216.99,215.42,207.33,192.94,224.88,211.05,202.7,206.71,203.63,211.67,206.09,208.88,216.36,220.45,228.7,222.03,,27,965,34,30.06,965D6-(E1);
17.06.21 11:29:22,10.78,237.7,228.38,178.86,226.47,211.05,195.37,222.03,237.7,222.03,214.48,220.76,233.51,209.81,198.42,223.29,219.82,203.32,213.85,207.64,221.71,223.61,228.7,235.44,,27,965,34,30.05,965D6-(E1);
17.06.21 11:29:37,11.03,231.9,220.45,194.46,244.2,218.56,203.01,221.71,228.7,230.62,208.57,214.79,222.34,198.11,192.64,202.4,210.43,203.32,221.08,203.01,219.19,212.92,209.5,215.42,,27,965,34,30.03,965D6-(E1);
17.06.21 11:29:52,11.28,232.86,201.78,175.32,238.35,226.47,214.17,223.93,232.22,227.42,205.78,194.16,230.94,191.43,189.32,220.13,211.05,205.47,229.34,195.07,216.99,223.61,216.99,219.5,,27,965,34,30.03,965D6-(E1);
17.06.21 11:30:07,11.53,231.26,233.51,175.32,230.94,237.38,206.09,239.32,254.74,221.39,217.61,226.47,225.51,188.72,189.02,224.24,217.61,208.26,215.73,213.85,224.24,218.24,226.47,222.97,,27,965,34,30.02,965D6-(E1);
17.06.21 11:30:22,11.78,229.98,215.42,186.32,221.71,225.83,216.67,219.5,216.04,211.67,219.82,207.64,208.57,203.63,199.64,230.94,203.93,203.32,201.48,224.24,203.32,213.23,217.3,216.36,,27,965,34,30.02,965D6-(E1);
17.06.21 11:30:37,12.03,243.88,221.39,182.13,239.64,225.83,205.78,245.51,215.73,207.33,208.88,219.19,220.45,187.82,205.47,235.44,219.19,200.25,217.93,210.74,212.92,220.45,224.56,226.15,,27,965,34,29.99,965D6-(E1);
17.06.21 11:30:52,12.28,241.59,219.5,165.66,217.61,212.61,207.02,205.17,213.23,226.79,205.47,218.87,227.42,193.25,198.11,225.51,204.86,192.04,220.45,220.45,209.19,216.67,210.74,227.42,,27,965,34,29.99,965D6-(E1);
17.06.21 11:31:08,12.55,229.02,248.79,172.67,238.02,237.7,222.03,224.88,225.83,221.39,218.87,208.57,240.29,190.83,193.85,223.93,220.13,204.86,221.39,217.61,220.13,215.73,206.71,226.47,,27,965,34,29.99,965D6-(E1);
17.06.21 11:31:23,12.8,240.29,215.42,180.94,241.92,242.25,241.27,232.22,229.02,226.47,218.56,222.66,217.61,218.24,201.48,228.06,211.36,203.93,211.05,221.08,206.09,222.66,229.34,229.02,,27,965,34,29.98,965D6-(E1);
17.06.21 11:31:38,13.05,225.51,228.06,198.11,229.34,239.97,201.78,237.05,223.93,233.51,216.67,211.05,210.43,189.02,194.16,202.7,216.36,206.4,220.76,214.79,211.36,224.56,220.45,228.7,,27,965,34,29.98,965D6-(E1);
17.06.21 11:31:53,13.3,228.7,209.81,184.52,234.15,219.19,201.78,200.86,206.09,213.85,222.66,209.19,218.24,194.16,199.03,207.02,216.67,205.78,222.03,197.81,212.29,216.36,208.88,211.05,,27,965,34,29.98,965D6-(E1);
17.06.21 11:32:08,13.55,225.51,238.67,188.72,229.02,226.79,217.3,207.02,211.05,219.19,222.97,214.79,238.35,194.46,187.52,210.12,197.2,199.64,228.7,220.76,216.67,220.13,220.13,214.17,,27,965,34,29.96,965D6-(E1);
17.06.21 11:32:23,13.8,229.66,233.83,176.5,222.34,230.62,207.02,212.29,211.05,224.88,224.88,199.94,211.98,212.61,197.2,214.48,201.17,198.72,206.09,225.51,218.24,218.24,204.86,213.85,,27,965,34,29.98,965D6-(E1);
17.06.21 11:32:38,14.05,241.27,218.56,178.86,235.76,225.51,202.7,217.3,224.56,220.13,219.19,202.4,207.33,202.7,199.33,225.83,222.34,202.4,223.93,223.29,206.09,219.5,218.87,225.19,,27,965,34,29.99,965D6-(E1);
17.06.21 11:32:53,14.3,223.29,224.24,167.99,248.14,229.34,204.55,226.47,230.62,215.11,217.93,191.73,220.13,201.17,197.81,227.42,232.86,207.02,227.42,220.13,223.61,217.3,220.13,209.19,,27,965,34,29.98,965D6-(E1);
17.06.21 11:33:08,14.55,234.47,212.29,169.74,232.22,226.47,207.95,216.36,229.98,219.5,224.56,207.02,225.51,188.72,199.94,219.19,208.26,195.37,216.04,225.51,214.17,222.66,218.56,212.29,,27,965,34,29.96,965D6-(E1);
17.06.21 11:33:23,14.8,235.44,237.05,182.73,236.41,236.08,225.19,236.41,240.94,237.7,224.56,200.25,229.66,200.86,185.12,222.97,212.29,207.95,215.42,223.61,226.15,227.1,221.08,227.74,,27,965,34,29.98,965D6-(E1);
17.06.21 11:33:38,15.05,220.76,206.71,171.79,238.67,219.5,218.87,194.46,204.24,207.33,213.54,201.48,209.19,198.42,197.2,225.19,202.4,197.2,212.61,206.09,200.56,215.11,214.79,216.99,,27,965,34,29.98,965D6-(E1);
17.06.21 11:33:53,15.3,242.25,230.94,186.02,232.86,219.82,238.67,244.53,214.79,223.29,216.67,210.43,242.57,211.98,209.19,217.3,221.39,215.11,220.45,196.28,215.11,220.76,222.97,215.42,,27,965,34,29.99,965D6-(E1);
17.06.21 11:34:08,15.55,228.06,234.79,183.62,236.73,239.32,219.5,232.22,221.71,219.5,210.74,221.71,236.08,191.13,233.18,208.57,216.04,203.63,215.11,209.81,211.05,220.45,214.17,225.19,,27,965,34,29.99,965D6-(E1);
17.06.21 11:34:23,15.8,243.22,219.19,177.38,245.18,227.42,189.92,236.73,225.51,216.04,223.93,224.24,255.07,211.67,209.19,238.02,223.61,202.09,213.85,226.79,221.08,226.79,231.26,225.83,,27,965,34,29.99,965D6-(E1);
17.06.21 11:34:38,16.05,233.18,222.34,169.15,238.02,241.59,201.78,222.97,221.08,238.35,215.11,202.7,207.02,203.01,203.32,233.83,224.88,204.55,213.54,208.26,204.86,219.82,214.48,227.74,,27,965,34,29.99,965D6-(E1);
17.06.21 11:34:53,16.3,228.7,203.63,183.92,212.92,228.7,214.17,198.11,216.36,213.23,190.53,199.64,228.06,187.52,175.02,222.66,215.11,203.32,215.73,219.5,205.17,211.36,211.98,214.79,,27,965,34,29.99,965D6-(E1);
17.06.21 11:35:08,16.55,229.98,238.67,164.5,217.93,225.83,219.82,221.08,225.51,221.39,201.17,193.85,199.94,201.78,197.81,225.51,226.79,205.17,213.54,217.61,208.88,221.08,206.4,219.5,,27,965,34,30,965D6-(E1);
17.06.21 11:35:23,16.8,230.3,229.66,167.7,231.9,224.24,211.05,231.58,245.51,222.97,216.67,223.29,239.32,216.36,203.01,218.87,211.05,195.07,217.93,227.42,199.94,224.56,211.05,222.34,,27,965,34,30,965D6-(E1);
17.06.21 11:35:38,17.05,229.34,223.61,167.4,235.12,213.85,200.25,216.36,222.03,194.76,207.64,224.24,217.61,208.26,160.45,233.51,207.95,201.78,205.17,177.68,192.94,215.11,222.97,208.26,,27,965,34,30,965D6-(E1);
17.06.21 11:35:53,17.3,233.83,231.26,189.32,238.02,229.34,208.26,237.05,229.98,221.71,221.08,208.88,222.97,209.19,198.42,250.11,213.54,226.47,222.97,216.99,211.67,212.92,215.11,214.79,,27,965,34,30,965D6-(E1);
17.06.21 11:36:08,17.55,241.92,230.3,168.57,228.06,214.79,209.19,198.72,221.39,216.04,217.93,207.33,219.19,206.09,200.56,222.66,211.67,204.55,200.56,230.94,221.71,218.56,220.13,219.82,,27,965,34,30.02,965D6-(E1);
17.06.21 11:36:23,17.8,231.58,227.1,184.52,252.09,226.47,209.5,239.32,224.24,225.51,209.19,209.5,232.22,212.61,210.43,225.83,224.88,205.47,227.74,223.29,218.56,221.39,224.88,222.97,,27,965,34,30.03,965D6-(E1);
17.06.21 11:36:38,18.05,239.64,241.27,177.09,224.88,210.43,214.79,211.98,218.87,216.67,221.08,209.81,216.99,187.22,211.67,217.3,213.54,202.4,209.81,205.47,217.93,223.61,226.15,224.88,,27,965,34,30.03,965D6-(E1);
17.06.21 11:36:53,18.3,236.41,214.79,167.7,218.24,225.19,225.83,232.54,209.81,232.22,215.42,212.29,231.9,203.32,216.36,224.56,216.04,193.85,210.74,225.83,215.11,222.03,222.97,214.79,,27,965,34,30.03,965D6-(E1);
17.06.21 11:37:08,18.55,232.86,218.56,170.91,224.24,226.47,217.61,213.23,204.55,218.87,212.29,195.67,240.62,196.28,206.71,225.51,209.19,211.36,213.54,212.61,223.93,222.66,216.36,216.99,,27,965,34,30.05,965D6-(E1);
17.06.21 11:37:23,18.8,237.38,234.15,177.68,248.79,223.93,243.88,209.19,237.7,224.24,221.39,219.19,219.5,216.04,196.28,252.42,221.71,201.48,230.94,205.47,219.82,223.61,227.74,230.94,,27,965,34,30.03,965D6-(E1);
17.06.21 11:37:38,19.05,235.44,215.11,175.32,228.38,225.19,211.98,231.58,246.17,231.26,210.43,218.24,221.39,214.17,185.12,252.42,249.78,207.64,200.25,235.44,216.36,225.51,231.26,222.03,,27,965,34,30.06,965D6-(E1);
17.06.21 11:37:53,19.3,228.06,216.67,189.02,219.19,235.12,205.17,234.79,229.34,220.13,227.1,211.67,216.99,192.04,192.64,234.79,214.17,195.07,212.92,215.11,208.26,226.47,218.24,222.97,,27,965,34,30.06,965D6-(E1);
17.06.21 11:38:08,19.55,234.15,243.88,167.7,241.59,233.18,233.83,209.5,224.24,214.48,221.08,212.29,239.64,214.79,195.07,224.88,220.13,209.19,203.01,209.19,194.16,222.03,222.03,222.03,,27,965,34,30.08,965D6-(E1);
17.06.21 11:38:23,19.8,237.7,242.9,172.67,226.15,224.24,226.47,228.06,229.02,209.19,220.76,199.33,227.42,207.33,195.07,241.92,214.79,208.57,203.93,184.22,220.13,221.39,219.82,211.98,,27,965,34,30.08,965D6-(E1);
17.06.21 11:38:38,20.05,236.73,221.71,189.62,219.19,200.56,213.54,224.56,215.73,214.17,205.17,201.48,213.85,191.73,186.32,227.74,190.83,184.22,208.57,219.5,205.47,210.43,213.23,210.12,,27,965,34,30.09,965D6-(E1);
17.06.21 11:38:53,20.3,240.62,229.98,192.34,240.94,236.41,199.33,228.7,214.79,224.88,229.34,205.17,234.47,215.11,192.34,213.85,211.67,209.19,209.81,208.57,208.57,218.56,219.5,219.5,,27,965,34,30.09,965D6-(E1);
17.06.21 11:39:08,20.55,234.79,238.67,162.76,217.3,217.3,203.63,222.97,219.82,224.88,210.74,189.92,224.56,207.33,203.63,220.45,195.67,199.33,217.61,199.64,211.67,217.3,216.04,214.48,,27,965,34,30.08,965D6-(E1);
17.06.21 11:39:23,20.8,243.55,221.08,173.26,236.41,242.57,199.64,224.56,230.62,219.5,222.97,212.29,249.12,202.09,194.16,248.79,217.3,201.48,224.56,212.92,205.78,223.29,220.13,214.79,,27,965,34,30.08,965D6-(E1);
17.06.21 11:39:38,21.05,228.06,228.38,183.03,225.19,233.51,204.55,189.02,222.34,209.5,211.98,195.07,213.23,186.92,175.91,217.61,201.17,197.81,209.19,212.92,198.42,218.24,213.23,213.85,,27,965,34,30.08,965D6-(E1);
17.06.21 11:39:53,21.3,239,215.42,175.61,243.88,222.03,211.05,222.66,245.18,227.42,228.06,198.42,228.7,200.56,208.88,230.94,222.97,203.32,216.04,245.51,226.47,227.42,223.61,229.66,,27,965,34,30.08,965D6-(E1);
17.06.21 11:40:08,21.55,229.34,245.51,188.42,226.47,225.19,212.61,225.83,242.9,217.93,223.93,180.65,206.4,203.01,193.85,223.93,215.73,208.26,218.24,199.03,198.11,226.79,214.17,222.97,,27,965,34,30.06,965D6-(E1);
17.06.21 11:40:23,21.8,238.02,216.04,183.62,242.57,232.22,236.08,220.76,228.06,231.9,231.9,195.98,235.44,199.33,201.17,230.62,223.29,209.81,216.67,209.5,216.67,222.34,223.29,222.97,,27,965,34,30.06,965D6-(E1);
17.06.21 11:40:38,22.05,233.83,222.66,158.43,233.51,232.54,205.17,204.55,221.71,215.42,217.93,200.86,240.62,222.66,190.83,234.47,216.67,197.5,212.61,199.64,210.43,218.56,218.87,222.97,,27,965,34,30.06,965D6-(E1);
17.06.21 11:40:53,22.3,215.42,216.04,186.02,221.71,211.98,181.54,219.5,201.48,212.29,218.24,196.59,214.79,199.33,185.12,221.08,199.64,195.07,214.79,202.09,203.32,213.54,210.43,213.54,,27,965,34,30.03,965D6-(E1);
17.06.21 11:41:08,22.55,239.64,225.19,165.95,239,206.4,214.79,201.48,227.42,213.85,209.5,205.17,212.61,196.59,178.57,228.38,212.29,200.25,203.63,192.04,222.97,215.73,212.61,204.24,,27,965,34,30.02,965D6-(E1);
17.06.21 11:41:23,22.8,235.76,225.83,195.98,250.11,222.03,210.12,219.19,217.3,217.61,215.11,201.48,222.03,181.84,197.2,217.3,204.24,203.93,211.05,205.47,214.17,220.76,220.45,224.88,,27,965,34,30.02,965D6-(E1);
17.06.21 11:41:38,23.05,241.59,216.99,192.94,239.32,216.99,226.79,223.93,235.12,219.82,216.67,217.3,232.54,195.37,195.07,250.11,218.56,211.98,217.61,194.16,218.24,208.26,204.86,218.56,,27,965,34,30.02,965D6-(E1);
17.06.21 11:41:53,23.3,225.51,219.82,174.73,222.34,224.88,211.67,219.19,230.3,216.04,213.23,191.13,222.34,205.47,197.5,212.61,210.74,209.5,216.67,203.93,215.73,213.23,217.61,215.73,,27,965,34,29.99,965D6-(E1);
17.06.21 11:42:08,23.55,232.22,214.17,192.04,228.06,229.66,232.86,221.71,212.29,221.08,211.36,191.73,237.05,192.64,188.72,236.73,222.03,194.16,219.19,201.78,227.74,220.45,228.7,216.04,,27,965,34,29.99,965D6-(E1);
17.06.21 11:42:23,23.8,240.62,220.76,190.83,223.29,224.88,214.48,230.62,211.05,221.08,224.56,199.33,214.17,207.33,194.76,228.7,211.98,201.17,218.24,207.33,225.83,224.24,225.51,228.38,,27,965,34,29.99,965D6-(E1);
17.06.21 11:42:38,24.05,235.76,226.47,171.79,221.08,233.83,209.19,186.02,228.06,213.54,220.76,198.11,212.92,205.47,208.57,221.08,193.85,205.47,214.48,205.78,206.4,216.99,213.85,219.19,,27,965,34,29.98,965D6-(E1);
17.06.21 11:42:53,24.3,244.2,237.05,172.38,216.04,230.62,204.86,209.5,232.54,219.82,222.66,199.94,225.19,195.07,196.89,227.74,215.42,205.78,216.99,201.48,220.45,217.61,217.93,215.73,,27,965,34,29.98,965D6-(E1);
17.06.21 11:43:08,24.55,229.66,224.88,181.84,238.35,206.4,229.66,214.17,217.3,221.39,228.7,198.72,217.3,209.5,190.83,214.79,215.42,201.17,218.56,216.36,227.74,217.93,212.29,215.11,,27,965,34,29.98,965D6-(E1);
17.06.21 11:43:23,24.8,228.7,216.67,179.46,237.38,218.56,202.09,185.72,216.99,214.79,218.87,199.64,225.83,193.55,208.88,199.64,221.08,191.13,214.48,235.44,212.29,208.26,213.23,224.24,,27,965,34,29.98,965D6-(E1);
17.06.21 11:43:38,25.05,230.3,201.17,189.32,220.13,202.4,221.39,223.29,235.12,215.42,216.36,194.46,224.56,192.34,196.28,228.38,209.81,206.09,218.24,213.85,198.42,220.45,197.2,215.11,,27,965,34,29.96,965D6-(E1);
17.06.21 11:43:53,25.3,234.47,223.61,180.94,228.06,212.92,224.24,236.08,224.24,206.4,209.19,216.67,220.45,198.11,183.03,231.9,187.52,203.01,207.33,215.11,214.17,205.78,210.12,213.23,,27,965,34,29.96,965D6-(E1);
17.06.21 11:44:08,25.55,241.27,229.98,163.92,232.54,225.83,205.47,227.1,226.79,225.19,223.29,187.22,216.04,203.93,195.98,245.51,217.61,201.48,203.32,209.81,247.15,221.71,234.15,213.85,,27,965,34,29.96,965D6-(E1);
17.06.21 11:44:23,25.8,226.79,217.93,195.07,221.39,213.23,212.61,194.16,208.57,204.55,209.5,204.55,221.71,201.78,184.22,225.19,211.98,207.33,223.29,203.93,211.36,218.56,202.4,211.98,,27,965,34,29.96,965D6-(E1);
17.06.21 11:44:38,26.05,227.1,211.05,175.91,222.66,216.36,215.11,212.61,226.47,216.99,207.33,200.25,210.12,201.17,211.05,235.76,221.08,201.78,225.19,196.28,210.43,220.45,213.23,222.97,,27,965,34,29.98,965D6-(E1);
17.06.21 11:44:53,26.3,216.99,241.92,177.68,239.32,222.34,230.3,200.25,221.08,215.11,213.85,201.17,221.08,192.64,212.29,234.79,202.7,200.25,222.34,207.33,214.79,220.76,218.56,223.29,,27,965,34,29.96,965D6-(E1);
17.06.21 11:45:08,26.55,239,230.3,188.12,220.45,221.71,232.22,230.3,235.44,222.97,231.26,189.92,217.93,183.03,198.72,220.45,212.61,200.56,225.19,212.29,207.95,217.61,223.61,221.39,,27,965,34,29.96,965D6-(E1);
17.06.21 11:45:23,26.8,230.94,221.08,168.86,233.51,214.17,211.36,178.27,221.71,227.74,219.19,206.09,226.15,194.76,211.36,215.42,198.42,204.86,206.4,205.17,207.64,218.24,209.5,220.45,,27,965,34,29.96,965D6-(E1);
17.06.21 11:45:38,27.05,227.74,219.5,181.24,222.34,222.66,230.94,212.29,245.18,210.43,219.5,187.22,216.67,205.17,198.42,237.7,203.93,203.93,210.12,199.03,221.39,216.67,221.39,225.83,,27,965,34,29.96,965D6-(E1);
17.06.21 11:45:53,27.3,238.67,209.81,192.64,239.32,230.94,213.54,194.46,232.22,227.42,208.26,191.43,222.34,191.73,212.61,237.38,179.75,208.88,219.82,197.2,216.67,216.67,220.13,214.79,,27,965,34,29.98,965D6-(E1);
17.06.21 11:46:08,27.55,234.79,200.25,178.57,256.4,227.74,207.02,207.64,227.1,199.03,217.3,198.42,216.36,203.01,185.72,199.94,203.93,196.28,216.36,197.5,212.92,216.04,217.61,227.42,,27,965,34,29.98,965D6-(E1);
17.06.21 11:46:23,27.8,222.34,224.24,192.94,236.73,230.3,217.61,221.71,238.02,213.54,211.05,203.63,207.02,206.4,191.13,227.42,205.17,202.4,220.45,208.26,227.74,213.85,211.05,222.34,,27,965,34,29.99,965D6-(E1);
17.06.21 11:46:38,28.05,231.9,218.87,179.46,238.02,213.54,208.57,222.66,229.66,226.15,223.93,192.34,233.51,207.02,181.84,256.07,231.9,211.36,227.1,219.5,216.36,219.19,218.56,207.64,,27,965,34,29.99,965D6-(E1);
17.06.21 11:46:53,28.3,232.22,207.02,189.92,247.15,225.19,204.24,205.78,228.38,224.88,211.98,212.61,225.83,192.64,199.03,248.14,211.98,220.45,231.58,194.76,228.7,212.61,221.39,214.17,,27,965,34,29.98,965D6-(E1);
17.06.21 11:47:08,28.55,235.76,222.66,196.28,239.32,223.61,214.79,208.57,210.12,215.42,229.02,194.46,216.04,212.61,194.46,242.25,199.64,203.32,225.83,209.81,227.1,226.15,218.87,221.39,,27,965,34,29.99,965D6-(E1);
17.06.21 11:47:23,28.8,222.34,213.23,178.57,234.79,224.88,199.03,188.42,203.32,207.02,210.43,193.25,216.36,177.38,194.16,214.17,212.92,203.32,209.81,204.24,200.86,207.02,206.4,209.5,,27,965,34,29.99,965D6-(E1);
17.06.21 11:47:38,29.05,233.51,221.39,173.26,231.58,232.86,223.29,228.06,222.34,215.42,223.61,203.63,222.03,205.47,192.64,228.7,231.9,206.4,214.48,197.81,208.26,220.13,222.66,224.56,,27,965,34,29.99,965D6-(E1);
17.06.21 11:47:53,29.3,237.7,225.83,192.64,230.62,231.58,208.26,212.61,244.53,222.34,230.94,198.11,241.27,190.53,207.95,234.47,224.56,212.61,222.34,213.23,234.47,225.19,222.03,229.98,,27,965,34,29.99,965D6-(E1);
17.06.21 11:48:08,29.55,224.88,218.56,194.46,233.83,212.61,224.24,204.55,241.59,207.95,211.67,187.82,227.42,194.76,206.71,218.87,220.45,211.05,201.78,206.09,211.05,212.61,214.17,224.56,,27,965,34,29.99,965D6-(E1);
17.06.21 11:48:23,29.8,231.26,227.1,165.95,228.7,229.34,206.71,222.66,221.71,215.42,210.43,195.37,225.83,200.25,191.73,239.32,199.64,214.17,216.36,209.19,212.29,207.95,210.74,219.19,,27,965,34,29.99,965D6-(E1);
17.06.21 11:48:38,30.05,232.22,235.12,180.94,250.44,226.47,192.94,231.58,211.98,221.39,225.51,210.43,235.12,196.28,193.85,229.02,224.56,207.64,215.73,205.78,231.58,216.04,217.61,218.56,,27,965,34,29.98,965D6-(E1);
17.06.21 11:48:53,30.3,225.51,224.24,179.75,226.79,217.3,227.74,213.23,238.02,235.44,220.13,180.65,228.7,192.34,184.22,239,203.32,204.24,210.43,212.29,221.08,216.67,219.82,225.83,,27,965,34,29.98,965D6-(E1);
17.06.21 11:49:08,30.55,234.79,211.67,174.14,239,218.56,228.7,244.86,233.51,222.34,226.15,190.83,228.06,195.67,204.24,245.51,217.3,209.5,209.5,226.47,222.66,218.87,216.36,220.13,,27,965,34,29.96,965D6-(E1);
17.06.21 11:49:23,30.8,233.51,235.12,197.5,226.47,232.54,217.3,232.22,221.71,229.98,226.15,214.79,244.53,200.56,203.93,240.62,203.01,219.5,229.34,222.03,211.36,216.36,230.62,235.44,,27,965,34,29.96,965D6-(E1);
17.06.21 11:49:38,31.05,241.27,226.15,187.52,220.13,217.3,221.08,214.79,227.1,207.95,214.17,192.94,237.38,198.42,196.59,247.15,196.59,214.17,218.87,201.17,221.71,206.09,216.67,219.19,,27,965,34,29.95,965D6-(E1);
17.06.21 11:49:53,31.3,242.9,218.24,181.24,215.42,222.97,193.25,201.78,211.98,220.45,217.93,199.64,208.88,192.64,183.62,217.61,214.48,207.64,215.73,200.56,205.78,205.47,204.55,216.99,,27,965,34,29.94,965D6-(E1);
17.06.21 11:50:08,31.55,228.38,225.51,171.79,209.5,222.97,212.61,207.02,218.56,207.64,224.56,205.17,217.93,204.24,192.04,234.79,214.17,201.48,214.79,208.88,211.98,203.63,215.73,220.45,,27,965,34,29.92,965D6-(E1);
17.06.21 11:50:23,31.8,237.38,218.87,199.64,209.81,230.94,196.89,197.2,221.08,223.61,215.11,203.32,235.12,197.81,193.85,230.62,222.97,201.17,211.67,210.74,237.7,213.85,212.92,221.08,,27,965,34,29.92,965D6-(E1);
17.06.21 11:50:38,32.05,234.79,227.74,192.34,223.61,223.61,221.08,239.97,243.22,222.97,216.99,207.02,225.51,193.25,171.79,231.58,210.43,211.05,216.67,216.36,207.95,215.42,218.87,220.45,,27,965,34,29.92,965D6-(E1);
17.06.21 11:50:53,32.3,236.41,229.66,179.75,221.71,214.79,209.19,212.61,259.74,221.71,227.74,191.73,232.86,207.02,186.62,252.75,212.29,213.54,214.17,191.43,221.71,209.81,231.58,208.26,,27,965,34,29.91,965D6-(E1);
17.06.21 11:51:08,32.55,227.74,210.12,191.43,232.22,212.92,187.52,203.01,228.06,217.3,206.71,207.33,230.62,190.22,199.33,240.94,197.81,196.28,199.33,202.7,225.19,210.74,221.08,210.12,,27,965,34,29.89,965D6-(E1);
17.06.21 11:51:23,32.8,232.54,225.51,196.28,243.88,235.44,200.25,214.17,199.64,215.11,227.1,196.89,218.56,206.71,196.89,256.73,202.4,203.93,215.73,198.11,217.3,212.92,216.67,216.36,,27,965,34,29.91,965D6-(E1);
17.06.21 11:51:38,33.05,236.41,220.13,174.43,241.59,227.74,220.45,216.04,230.94,220.45,210.74,196.28,211.36,189.62,218.87,223.93,211.98,212.29,220.76,201.48,215.73,214.48,222.34,212.29,,27,965,34,29.89,965D6-(E1);
17.06.21 11:51:53,33.3,239,212.61,170.32,204.55,219.82,204.24,207.02,237.05,222.97,226.47,201.78,215.11,181.54,194.76,218.87,224.88,214.79,206.71,204.24,213.54,209.5,209.81,213.85,,27,965,34,29.91,965D6-(E1);
17.06.21 11:52:08,33.55,230.3,220.13,165.95,211.98,219.5,203.01,223.93,217.93,218.56,221.08,180.94,202.09,178.27,176.2,222.97,213.85,213.54,213.23,211.67,217.3,203.32,218.56,221.08,,27,965,34,29.91,965D6-(E1);
17.06.21 11:52:23,33.8,232.22,218.24,172.08,231.26,226.15,207.95,245.18,216.67,224.56,218.24,206.4,204.24,216.67,209.5,245.18,208.26,221.39,212.92,181.84,211.98,213.23,217.3,225.83,,27,965,34,29.89,965D6-(E1);
17.06.21 11:52:38,34.05,239.64,233.18,183.62,240.94,225.83,212.61,203.93,243.55,234.47,232.86,187.22,223.29,190.83,196.59,228.38,204.86,200.56,231.58,199.03,217.93,209.5,223.29,225.19,,27,965,34,29.91,965D6-(E1);
17.06.21 11:52:53,34.3,220.76,218.87,192.34,237.7,220.45,213.23,209.81,216.04,211.05,228.38,191.73,208.88,182.13,186.32,250.11,212.61,202.4,212.29,228.38,204.86,208.57,205.17,211.98,,27,965,34,29.89,965D6-(E1);
17.06.21 11:53:08,34.55,231.9,216.36,171.2,229.98,225.51,210.43,203.01,224.24,209.81,198.42,195.98,241.59,186.02,175.91,225.51,220.45,204.55,211.36,213.85,218.87,217.61,217.61,213.85,,27,965,34,29.91,965D6-(E1);
17.06.21 11:53:23,34.8,244.86,240.29,176.79,225.83,228.38,243.55,210.74,219.5,219.5,203.32,205.17,221.71,197.5,180.94,244.86,220.13,207.33,224.88,225.51,223.61,216.67,210.43,212.29,,27,965,34,29.92,965D6-(E1);
17.06.21 11:53:38,35.05,243.88,207.95,176.5,237.05,218.24,236.08,223.93,236.41,215.73,216.04,195.37,220.13,195.37,203.32,236.73,213.23,203.93,212.92,204.55,222.03,224.88,232.22,219.82,,27,965,34,29.92,965D6-(E1);
17.06.21 11:53:53,35.3,233.18,235.12,173.26,239.32,229.66,201.17,225.19,229.34,220.45,224.56,195.67,227.42,199.33,218.87,225.51,209.19,197.5,223.61,197.5,232.54,220.45,225.83,220.13,,27,965,34,29.89,965D6-(E1);
17.06.21 11:54:08,35.55,234.47,211.05,167.4,222.66,219.19,190.22,227.74,232.22,226.79,232.22,184.22,232.54,186.92,185.42,235.76,207.95,206.71,195.67,209.19,214.17,208.26,215.42,211.05,,27,965,34,29.91,965D6-(E1);
17.06.21 11:54:23,35.8,224.88,237.7,178.27,234.79,236.41,219.19,235.76,212.29,219.82,218.56,211.36,238.35,203.93,206.4,225.51,215.11,215.73,209.81,220.45,211.98,213.85,211.05,231.9,,27,965,34,29.91,965D6-(E1);
17.06.21 11:54:38,36.05,237.05,227.74,180.05,228.06,225.51,222.03,209.5,216.04,215.11,232.86,201.78,243.22,200.25,206.09,215.42,217.93,207.64,223.61,205.17,211.98,211.05,217.3,226.15,,27,965,34,29.89,965D6-(E1);
17.06.21 11:54:53,36.3,225.83,217.61,178.57,225.83,229.66,229.66,222.34,223.61,228.38,224.56,212.61,240.62,189.02,191.73,229.02,229.66,217.61,222.34,214.17,242.57,213.54,229.98,229.34,,27,965,34,29.89,965D6-(E1);
17.06.21 11:55:08,36.55,233.18,226.79,180.35,231.9,199.03,190.83,200.25,223.61,225.51,212.61,205.78,223.61,202.7,195.37,232.54,224.56,196.28,208.88,230.3,191.73,214.79,206.09,210.74,,27,965,34,29.88,965D6-(E1);
17.06.21 11:55:23,36.8,218.24,217.3,168.86,214.17,212.92,182.73,193.55,202.09,212.61,215.42,182.43,208.88,195.37,152.43,213.23,177.38,191.73,206.4,191.73,208.26,204.86,204.24,213.85,,27,965,34,29.88,965D6-(E1);
17.06.21 11:55:38,37.05,243.55,229.66,173.26,213.54,224.88,236.73,220.45,210.74,205.47,204.55,196.59,229.66,178.27,192.64,222.66,201.17,194.16,207.64,209.5,203.01,208.26,224.24,223.93,,27,965,34,29.89,965D6-(E1);
17.06.21 11:55:53,37.3,224.24,214.48,179.46,219.5,225.19,197.81,196.28,207.33,212.92,235.76,191.73,210.12,196.59,182.13,235.76,214.48,205.17,207.95,206.71,218.87,220.76,220.76,217.61,,27,965,34,29.88,965D6-(E1);
17.06.21 11:56:08,37.55,226.15,222.34,175.02,240.29,231.26,235.44,218.24,242.57,207.95,227.1,179.16,236.08,199.64,189.32,225.19,221.71,213.23,214.17,214.17,223.29,220.45,223.29,226.47,,27,965,34,29.85,965D6-(E1);
17.06.21 11:56:23,37.8,221.71,206.09,158.43,231.58,217.3,201.48,206.71,225.83,209.81,215.42,184.82,235.44,184.52,179.46,211.98,214.17,196.59,211.67,198.11,220.76,208.26,217.3,220.13,,27,965,34,29.85,965D6-(E1);
17.06.21 11:56:38,38.05,233.18,222.66,180.05,234.47,227.1,223.93,222.34,230.62,225.83,222.97,204.86,233.83,203.93,197.2,238.02,223.29,213.23,222.66,213.54,222.97,214.48,224.88,225.51,,27,965,34,29.84,
17.06.21 11:56:53,38.3,232.86,221.39,179.46,234.15,224.56,223.29,221.71,229.66,225.51,221.71,203.63,232.54,204.24,197.2,237.7,222.66,212.29,222.03,212.61,222.97,214.17,224.24,224.88,,27,965,34,29.83,
17.06.21 11:57:08,38.55,232.54,221.39,178.57,233.51,225.51,223.29,221.71,229.66,225.83,221.08,203.63,233.18,204.24,197.2,238.35,222.66,212.92,221.71,212.61,222.66,214.17,224.24,225.19,,27,965,34,29.78,
17.06.21 11:57:23,38.8,232.54,220.76,177.09,233.18,224.88,222.34,220.76,229.66,225.19,220.45,203.32,231.9,203.93,196.28,236.41,222.34,211.98,220.76,211.36,222.66,212.92,223.93,224.24,,27,965,34,29.74,
17.06.21 11:57:38,39.05,231.9,220.76,176.2,232.86,224.56,223.29,220.45,228.7,224.88,219.82,202.7,232.22,203.01,196.28,237.05,222.34,211.98,219.82,211.67,222.03,212.61,223.93,224.56,,27,965,34,29.71,
17.06.21 11:57:53,39.3,231.58,219.82,174.73,232.86,224.56,222.34,219.82,228.7,224.56,218.56,201.78,231.9,203.01,195.67,236.41,221.71,211.36,220.13,211.05,222.03,212.61,223.61,224.24,,27,965,34,29.67,
17.06.21 11:58:08,39.55,231.26,220.13,173.55,232.86,223.93,222.34,219.82,228.7,224.56,218.87,202.09,232.22,202.09,195.67,236.41,221.71,211.05,219.82,210.12,222.03,212.61,223.93,224.24,,27,965,34,29.66,
17.06.21 11:58:23,39.8,231.26,219.82,172.67,232.86,223.61,222.03,219.82,228.06,224.24,218.87,202.09,231.26,201.17,195.37,234.79,221.71,211.05,219.5,209.81,222.03,212.29,223.61,224.24,,27,965,34,29.63,
17.06.21 11:58:38,40.05,231.58,219.5,171.5,232.22,223.93,221.71,219.82,228.06,224.56,218.24,201.17,231.26,200.86,195.07,234.47,221.71,211.36,219.19,209.5,222.03,212.29,223.93,223.93,,27,965,34,29.61,
17.06.21 11:58:53,40.3,231.58,219.19,169.45,232.22,222.66,222.66,219.19,228.38,224.24,218.24,200.56,231.58,200.56,195.37,233.83,221.39,210.74,218.87,208.57,221.71,211.98,223.61,223.93,,27,965,34,29.6,
17.06.21 11:59:08,40.55,230.62,219.19,168.57,232.22,222.66,221.71,219.19,227.74,223.61,217.93,200.25,230.62,199.33,194.46,232.54,220.76,210.43,217.93,207.33,221.08,211.05,223.29,223.29,,27,965,34,29.56,
17.06.21 11:59:23,40.8,230.62,218.87,167.11,231.58,222.03,221.71,218.56,227.1,223.93,217.3,199.64,230.94,198.72,194.16,232.54,220.76,209.81,217.3,207.33,221.08,210.43,223.29,222.97,,27,965,34,29.56,
17.06.21 11:59:38,41.05,230.3,218.24,166.24,231.26,222.34,222.03,218.56,227.74,223.61,217.3,199.03,230.62,197.5,193.85,230.94,220.13,209.5,216.36,207.02,220.76,210.74,222.97,222.66,,27,965,34,29.55,
17.06.21 11:59:53,41.3,229.66,217.93,165.08,231.26,220.45,221.39,218.56,226.79,223.29,216.99,199.03,229.98,196.89,193.25,230.62,220.76,209.19,215.73,206.09,220.76,210.12,223.29,223.29,,27,965,34,29.52,
17.06.21 12:00:08,41.55,230.3,218.24,163.92,231.26,219.82,220.76,218.24,226.47,223.29,216.67,198.42,230.62,195.98,193.25,230.3,220.76,209.19,216.04,205.78,220.76,210.74,223.29,222.66,,27,965,34,29.5,
17.06.21 12:00:23,41.8,230.3,219.82,164.21,231.58,220.13,221.08,218.56,227.42,222.97,216.36,198.42,230.3,194.76,192.64,230.94,220.76,208.88,216.04,205.17,220.76,209.5,223.61,222.97,,27,965,34,29.46,
17.06.21 12:00:38,42.05,229.98,218.24,162.76,231.58,223.93,221.08,217.93,226.79,223.29,216.36,197.81,230.62,194.46,192.04,228.7,220.45,208.57,215.73,205.17,221.08,209.5,223.29,222.97,,27,965,34,29.45,
17.06.21 12:00:53,42.3,230.3,218.24,161.03,231.26,224.24,220.45,217.3,226.79,222.66,215.42,197.2,229.66,193.25,190.83,227.74,220.13,207.33,214.79,203.01,220.45,209.19,222.34,222.97,,27,965,34,29.42,
17.06.21 12:01:08,42.55,229.98,219.5,160.74,231.9,220.45,220.45,217.3,227.42,222.66,215.11,196.28,230.3,192.34,190.22,227.42,219.82,207.64,215.42,202.7,220.13,208.88,222.34,222.97,,27,965,34,29.41,
17.06.21 12:01:23,42.8,229.66,217.61,159.01,230.3,220.76,219.82,216.99,225.83,222.03,215.11,196.59,229.34,191.73,189.32,224.88,219.5,207.02,215.42,202.09,220.13,208.57,222.03,222.66,,27,965,34,29.38,
17.06.21 12:01:38,43.05,229.66,216.36,159.01,231.58,221.39,220.13,216.99,226.47,222.03,215.42,196.59,229.34,191.73,189.32,223.93,219.82,207.33,215.73,201.78,220.45,208.88,222.66,222.34,,27,965,34,29.35,
17.06.21 12:01:53,43.3,229.02,216.67,157.86,230.62,219.82,219.82,216.99,226.15,222.34,215.42,196.59,229.98,190.83,189.02,223.93,219.82,207.33,215.11,201.48,219.82,208.57,222.03,222.66,,27,965,34,29.33,
17.06.21 12:02:08,43.55,229.34,216.67,156.43,230.62,218.56,219.19,216.36,225.83,221.71,215.11,195.67,228.7,190.22,188.42,222.66,219.5,207.02,215.11,200.56,219.5,208.88,222.03,222.34,,27,965,34,29.3,
17.06.21 12:02:23,43.8,228.7,213.85,156.43,229.98,217.61,218.87,216.04,225.83,222.03,215.11,195.67,229.02,189.32,188.42,222.34,219.19,207.02,215.73,200.25,219.19,208.26,221.71,222.03,,27,965,34,29.3,
17.06.21 12:02:38,44.05,229.34,213.54,154.99,230.3,216.36,218.87,215.73,226.15,222.34,215.11,195.07,228.38,189.62,189.02,221.71,218.87,206.4,214.17,200.25,219.19,208.57,221.71,222.03,,27,965,34,29.25,
17.06.21 12:02:53,44.3,229.34,212.92,155.57,229.98,216.36,218.87,216.67,226.15,221.71,214.48,195.07,229.02,189.62,189.62,222.66,219.5,207.02,213.54,200.25,219.5,208.88,222.03,222.03,,27,965,34,29.25,
17.06.21 12:03:08,44.55,229.02,213.85,154.99,229.98,217.61,219.19,216.36,225.83,221.71,214.79,195.67,229.02,189.32,189.32,223.29,218.87,206.4,214.17,199.94,219.5,208.57,221.71,222.03,,27,965,34,29.24,
17.06.21 12:03:23,44.8,228.06,214.17,154.42,229.34,216.67,219.5,215.73,225.51,221.08,213.85,194.76,228.38,188.72,189.02,221.39,218.24,206.4,213.85,199.64,219.5,207.64,221.39,221.39,,27,965,34,29.21,
17.06.21 12:03:38,45.05,228.38,214.17,154.14,229.66,212.61,218.87,215.73,225.19,221.39,213.54,194.76,228.38,188.12,189.02,220.76,218.56,206.4,213.54,199.03,219.19,207.64,221.39,221.39,,27,965,34,29.2,
17.06.21 12:03:53,45.3,228.7,214.17,153.28,229.66,212.29,218.56,215.73,224.88,221.71,213.54,194.16,228.06,188.42,189.02,220.45,219.19,205.78,213.85,198.72,218.87,207.64,221.71,221.71,,27,965,34,29.19,
17.06.21 12:04:08,45.55,228.38,213.54,152.43,229.98,211.98,218.56,215.73,224.88,220.76,213.23,195.07,228.38,188.12,189.32,218.87,218.87,205.78,213.54,198.72,219.19,207.02,221.71,221.39,,27,965,34,29.17,
17.06.21 12:04:23,45.8,228.06,211.67,152.71,229.34,210.74,218.87,214.79,225.19,221.08,212.61,193.85,228.06,187.22,188.72,217.3,218.24,204.86,213.23,198.42,218.56,206.71,221.39,220.76,,27,965,34,29.16,
17.06.21 12:04:38,46.05,228.06,211.36,151.57,229.02,210.74,218.56,215.42,224.88,220.76,212.29,194.16,228.06,186.92,189.02,217.61,217.93,204.86,213.54,197.81,218.87,206.4,221.08,220.76,,27,965,34,29.13,
17.06.21 12:04:53,46.3,227.74,209.19,151,228.7,210.43,218.24,214.79,223.93,220.13,211.98,193.55,227.74,186.62,188.72,216.67,217.61,204.55,213.23,196.89,218.56,206.09,221.08,220.76,,27,965,34,29.11,
17.06.21 12:05:08,46.55,227.74,209.5,150.15,228.7,210.12,217.93,214.79,224.24,220.13,211.05,192.94,227.1,186.02,188.72,215.42,217.93,204.55,212.61,196.89,218.24,205.47,221.39,220.45,,27,965,34,29.1,
17.06.21 12:05:23,46.8,227.74,208.88,149.58,229.02,209.5,217.3,214.48,223.61,220.13,210.74,192.34,226.79,185.42,187.82,215.42,217.93,204.24,211.98,195.37,218.24,204.24,220.76,220.13,,27,965,34,29.1,
17.06.21 12:05:38,47.05,227.42,207.95,149.87,228.38,209.81,217.61,214.17,223.93,219.82,211.36,191.73,226.79,185.42,187.82,213.23,217.61,203.93,212.29,195.67,217.93,204.24,220.45,220.13,,27,965,34,29.06,
17.06.21 12:05:53,47.3,228.06,207.64,148.73,229.02,209.19,217.61,214.48,223.93,219.82,211.67,192.04,227.42,185.12,187.52,211.98,217.93,203.93,211.98,194.46,217.93,203.93,220.76,220.45,,27,965,34,29.06,
17.06.21 12:06:08,47.55,227.42,208.88,148.17,228.38,209.5,216.99,214.17,223.61,219.19,211.67,191.43,227.1,184.22,186.92,213.23,217.61,203.63,211.98,194.16,217.93,203.93,220.45,220.13,,27,965,34,29.03,
17.06.21 12:06:23,47.8,227.74,209.5,148.45,228.38,209.19,217.3,214.17,223.61,219.5,211.67,190.53,227.1,184.22,187.22,212.29,217.93,203.32,212.61,194.46,217.93,203.63,220.45,220.13,,27,965,34,29,
17.06.21 12:06:38,48.05,227.1,207.33,147.6,228.06,210.43,216.67,213.85,223.29,219.82,211.98,189.62,226.79,183.62,186.92,211.36,217.3,203.01,211.98,192.64,217.61,203.32,220.76,220.13,,27,965,34,28.99,
17.06.21 12:06:53,48.3,226.79,206.71,146.47,228.7,211.98,217.3,212.92,223.93,219.19,211.36,190.22,226.79,183.62,186.62,210.43,217.61,203.01,211.67,191.13,217.93,203.01,220.76,219.82,,27,965,34,28.99,
17.06.21 12:07:08,48.55,226.47,205.47,146.47,228.38,212.92,216.99,212.92,223.93,219.19,211.05,190.53,227.42,183.33,186.32,208.57,217.3,202.7,211.36,190.53,217.3,202.7,220.45,219.82,,27,965,34,28.96,
17.06.21 12:07:23,48.8,225.83,205.47,145.91,228.06,212.29,216.36,212.61,223.93,218.56,211.05,189.62,227.1,183.03,185.42,208.88,216.04,203.01,210.12,189.02,217.3,201.78,219.82,219.5,,27,965,34,28.94,
17.06.21 12:07:38,49.05,226.79,206.09,146.19,227.74,214.17,216.67,212.92,224.24,219.5,211.98,190.22,226.79,183.62,186.62,208.88,217.61,203.93,211.05,189.32,217.93,202.7,220.45,220.45,,27,965,34,28.92,
17.06.21 12:07:53,49.3,227.1,205.17,145.91,228.38,214.79,216.67,213.23,223.61,218.87,211.36,189.62,226.79,182.73,186.32,207.02,217.3,203.32,210.43,188.72,217.3,202.7,220.45,220.13,,27,965,34,28.92,
17.06.21 12:08:08,49.55,226.79,206.09,144.78,227.74,213.85,216.67,213.54,222.97,219.19,211.67,189.92,226.47,182.43,186.02,207.64,216.67,203.32,210.12,188.12,216.99,202.7,220.45,219.82,,27,965,34,28.91,
17.06.21 12:08:23,49.8,226.79,207.02,143.66,227.1,209.81,215.73,212.61,222.34,218.24,211.05,189.02,226.15,182.13,185.42,208.26,216.36,202.7,209.19,186.92,216.99,201.48,219.82,219.5,,27,965,34,28.89,
17.06.21 12:08:38,50.05,227.42,207.64,144.22,227.74,210.43,216.04,212.61,222.66,218.87,211.98,189.62,226.15,182.43,185.72,207.95,216.67,202.7,209.5,188.12,217.3,201.78,219.5,219.82,,27,965,34,28.88,
17.06.21 12:08:53,50.3,226.47,206.71,143.38,227.1,209.81,216.04,212.29,222.66,218.56,211.36,189.02,226.47,181.54,185.12,205.78,216.67,202.4,209.5,188.12,216.67,201.48,219.82,219.19,,27,965,34,28.88,
17.06.21 12:09:08,50.55,226.47,205.78,143.1,226.79,209.5,216.36,211.98,222.03,218.87,211.36,189.02,226.47,181.54,185.12,204.24,216.36,201.78,210.12,188.42,216.99,201.78,219.82,219.5,,27,965,34,28.85,
17.06.21 12:09:23,50.8,225.83,202.7,142.53,226.47,207.64,216.04,211.36,222.66,217.93,211.05,188.42,225.83,180.65,184.82,203.32,216.36,201.48,209.19,188.42,216.67,200.86,219.19,218.87,,27,965,34,28.84,
17.06.21 12:09:38,51.05,226.47,201.78,142.53,226.79,207.33,216.04,211.67,222.34,217.93,210.43,188.42,225.83,180.35,183.92,202.09,215.73,201.78,209.5,187.22,216.67,201.48,219.5,219.19,,27,965,34,28.83,
17.06.21 12:09:53,51.3,226.15,201.17,142.81,227.1,206.71,216.36,211.36,222.97,218.24,211.67,188.42,226.15,180.94,184.52,202.7,216.99,201.48,207.95,186.62,216.67,201.17,219.5,219.19,,27,965,34,28.83,
17.06.21 12:10:08,51.55,225.51,200.25,142.53,227.42,205.47,215.42,211.36,222.03,217.93,211.05,188.12,225.51,180.35,183.92,203.01,216.36,201.17,207.64,186.02,216.04,201.17,219.5,219.19,,27,965,34,28.81,
17.06.21 12:10:23,51.8,225.83,201.48,141.41,227.1,205.47,215.42,211.98,222.03,217.93,209.81,187.82,225.51,179.75,183.92,202.09,216.36,201.17,208.26,185.42,216.04,200.86,219.5,218.87,,27,965,34,28.8,
17.06.21 12:10:38,52.05,225.51,201.48,140.85,227.1,205.47,215.11,211.36,221.71,217.61,208.88,188.12,225.51,180.35,183.33,200.56,216.04,200.25,207.64,183.92,216.36,200.56,219.5,218.87,,27,965,34,28.77,
17.06.21 12:10:53,52.3,225.51,199.03,140.57,226.79,204.55,214.79,211.36,222.34,217.3,208.57,187.52,225.19,179.16,183.62,199.94,215.73,200.25,207.64,183.62,216.04,200.25,218.87,218.24,,27,965,34,28.74,
17.06.21 12:11:08,52.55,226.15,198.42,139.73,227.1,205.17,215.11,211.36,222.34,217.93,208.57,188.12,225.51,179.46,183.62,199.33,216.36,200.25,207.64,184.82,215.73,200.25,219.19,219.19,,27,965,34,28.74,
17.06.21 12:11:23,52.8,225.51,199.64,139.73,226.79,203.63,215.11,211.36,222.03,216.99,208.57,187.22,225.51,179.16,183.03,198.11,215.73,199.64,207.64,184.22,215.73,199.94,218.56,218.56,,27,965,34,28.74,
17.06.21 12:11:38,53.05,225.51,198.72,138.62,226.47,204.55,214.79,209.81,222.03,216.67,208.88,187.22,225.19,178.86,183.33,198.11,215.42,199.03,207.02,183.92,216.04,199.64,218.87,218.56,,27,965,34,28.71,
17.06.21 12:11:53,53.3,225.19,197.81,138.34,226.47,204.55,214.48,210.43,221.71,216.67,207.95,186.92,224.56,178.57,182.43,196.89,214.79,198.42,206.71,182.43,215.42,199.64,217.93,218.24,,27,965,34,28.7,
17.06.21 12:12:08,53.55,224.56,196.89,138.06,226.47,205.78,214.48,210.74,222.03,216.99,208.57,187.22,224.88,178.86,182.73,196.89,214.79,198.42,206.71,182.43,215.73,199.94,218.56,218.24,,27,965,34,28.7,
17.06.21 12:12:23,53.8,225.19,198.42,137.5,226.15,205.78,214.79,210.12,221.39,217.3,208.26,186.92,224.88,178.27,183.33,196.59,215.11,198.11,207.02,181.24,215.73,200.56,218.87,217.93,,27,965,34,28.67,
17.06.21 12:12:38,54.05,225.51,198.42,137.78,226.79,204.55,214.17,210.74,221.39,216.99,207.95,187.22,224.88,178.27,183.03,198.11,215.42,197.81,207.02,181.54,215.73,200.56,218.56,218.24,,27,965,34,28.67,
17.06.21 12:12:53,54.3,224.88,196.59,136.67,226.15,205.78,214.79,210.74,221.39,216.36,208.26,186.92,224.88,178.27,182.13,196.59,215.42,197.2,206.71,181.24,215.73,200.25,218.56,218.24,,27,965,34,28.64,
17.06.21 12:13:08,54.55,225.51,193.55,136.11,225.83,206.09,215.11,209.19,221.71,216.67,208.26,186.92,224.88,177.68,182.73,196.59,215.11,196.89,207.02,181.24,215.42,200.25,218.56,218.24,,27,965,34,28.64,
17.06.21 12:13:23,54.8,225.19,194.16,135.84,226.15,203.93,214.17,209.81,221.08,216.36,208.26,185.72,224.56,177.98,181.84,197.5,215.42,196.59,207.95,180.35,215.42,200.86,218.56,217.61,,27,965,34,28.63,
17.06.21 12:13:38,55.05,225.51,194.16,135.84,226.47,203.32,215.11,210.12,222.03,216.67,208.57,186.32,224.88,177.98,181.84,196.89,215.42,196.59,207.64,180.94,215.42,200.56,218.87,218.24,,27,965,34,28.63,
17.06.21 12:13:53,55.3,225.19,196.28,135.56,225.19,202.09,213.85,209.81,221.39,216.04,207.33,185.72,224.24,177.68,181.84,196.89,214.79,196.28,207.02,180.35,215.42,199.94,218.56,218.24,,27,965,34,28.61,
17.06.21 12:14:08,55.55,224.88,196.59,135.28,225.51,202.09,214.17,209.19,221.71,216.36,206.71,185.42,224.56,176.2,181.54,195.37,215.11,195.98,207.33,180.05,215.42,199.33,218.24,217.61,,27,965,34,28.6,
17.06.21 12:14:23,55.8,224.56,194.76,134.17,225.83,202.4,214.48,209.19,220.45,215.73,206.71,184.22,224.24,177.09,181.24,195.37,215.11,195.67,205.78,179.75,215.42,198.72,218.24,217.61,,27,965,34,28.6,
17.06.21 12:14:38,56.05,225.19,192.04,133.89,226.15,200.86,213.85,208.88,221.08,215.73,207.02,184.52,224.56,177.09,180.94,195.07,214.48,195.07,205.47,179.46,214.48,199.03,218.24,217.3,,27,965,34,28.58,
17.06.21 12:14:53,56.3,224.56,193.55,133.62,226.15,200.25,214.17,209.81,221.39,215.73,206.71,184.22,224.56,177.09,180.94,193.85,214.79,195.07,205.78,179.75,215.11,198.42,217.93,217.61,,27,965,34,28.56,
17.06.21 12:15:08,56.55,224.56,194.16,131.96,226.47,199.64,213.54,208.88,221.39,216.04,207.02,184.52,224.24,176.79,180.65,193.25,214.79,195.37,205.47,179.16,214.79,198.42,218.56,216.99,,27,965,34,28.56,
17.06.21 12:15:23,56.8,224.56,194.46,132.23,225.51,200.56,214.48,209.19,221.08,215.42,206.09,183.62,224.24,175.91,180.94,192.94,214.48,195.67,205.47,178.57,214.79,198.42,217.93,217.61,,27,965,34,28.55,
17.06.21 12:15:38,57.05,224.56,192.34,132.51,225.19,198.72,212.92,209.19,220.76,215.42,205.78,183.92,223.29,175.61,180.05,192.64,214.48,195.98,205.17,177.98,214.79,197.5,217.61,216.67,,27,965,34,28.53,
17.06.21 12:15:53,57.3,224.88,192.34,132.23,225.51,198.42,213.85,208.57,221.39,216.04,205.47,184.22,223.93,175.91,180.65,191.73,215.11,195.98,205.78,178.27,215.11,197.5,217.93,217.61,,27,965,34,28.53,
17.06.21 12:16:08,57.55,224.24,190.83,131.41,225.19,198.42,213.23,207.95,220.76,215.73,205.17,183.62,223.61,175.61,180.05,192.64,213.85,195.67,204.86,177.98,214.48,197.5,217.3,216.67,,27,965,34,28.53,
17.06.21 12:16:23,57.8,223.93,189.92,129.75,225.19,198.11,213.54,207.64,221.08,215.11,205.17,183.33,223.29,175.02,180.35,192.34,214.17,195.67,204.86,177.38,214.79,197.2,217.61,216.99,,27,965,34,28.49,
17.06.21 12:16:38,58.05,224.88,191.13,130.03,225.19,198.11,212.92,208.57,221.08,216.04,204.86,182.73,223.93,175.32,180.05,191.43,214.17,195.67,204.86,178.27,214.79,196.89,217.93,216.99,,27,965,34,28.49,
17.06.21 12:16:53,58.3,224.56,190.53,129.75,225.19,197.81,212.92,209.19,221.08,216.04,204.55,183.03,223.61,175.61,179.75,192.04,214.17,195.98,205.47,177.68,214.79,197.2,217.61,217.61,,27,965,34,28.49,
17.06.21 12:17:08,58.55,224.88,190.53,129.48,225.51,198.11,213.85,208.88,220.76,215.42,204.86,182.13,223.93,175.02,179.46,191.13,214.17,195.67,205.47,177.09,214.79,197.2,217.61,216.99,,27,965,34,28.48,
17.06.21 12:17:23,58.8,223.61,190.83,128.93,224.24,198.11,212.61,208.26,220.13,215.11,203.63,181.54,223.29,174.14,179.16,189.62,213.85,195.37,204.24,176.2,214.17,196.89,216.99,216.67,,27,965,34,28.48,
17.06.21 12:17:38,59.05,223.93,191.13,128.38,224.88,198.42,212.29,208.57,220.76,215.42,203.93,183.03,223.61,173.84,178.86,189.02,213.23,195.07,204.55,175.61,214.48,197.5,217.61,216.36,,27,965,34,28.46,
17.06.21 12:17:53,59.3,223.93,191.73,127.01,225.19,197.81,212.92,208.57,220.45,215.11,204.24,182.73,223.61,173.84,178.86,188.12,213.85,195.37,204.86,175.32,214.48,197.5,217.93,216.99,,27,965,34,28.46,
17.06.21 12:18:08,59.55,223.61,191.73,127.28,224.56,198.11,212.92,208.57,220.45,214.79,204.86,182.73,223.29,172.38,177.98,188.72,214.17,195.07,204.86,175.32,214.48,197.81,217.93,216.67,,27,965,34,28.45,
17.06.21 12:18:23,59.8,224.24,189.62,127.01,224.24,197.5,212.29,207.95,220.13,214.79,204.86,182.13,222.97,172.38,177.68,187.52,213.54,194.76,204.55,174.43,214.48,197.2,217.61,216.67,,27,965,34,28.45,
17.06.21 12:18:38,60.05,224.56,190.83,126.46,224.88,196.89,213.23,208.57,220.76,214.79,204.86,182.43,223.61,172.67,176.79,186.92,214.48,194.76,203.93,174.73,214.48,197.5,217.3,216.99,,27,965,34,28.44,
17.06.21 12:18:53,60.3,223.93,190.83,125.64,224.24,197.81,212.92,207.95,220.45,214.79,204.55,182.43,223.29,171.79,176.5,187.52,213.54,194.46,203.63,173.55,213.85,197.5,216.99,216.99,,27,965,34,28.42,
17.06.21 12:19:08,60.55,223.61,191.43,125.64,224.24,197.5,212.29,207.33,219.82,214.48,204.86,182.43,222.97,171.79,176.2,188.12,213.85,194.16,204.24,173.26,214.17,197.5,217.3,216.36,,27,965,34,28.42,
17.06.21 12:19:23,60.8,223.61,188.72,124.82,225.83,197.5,212.92,207.95,220.45,215.11,205.17,182.73,223.29,172.08,175.91,187.52,213.85,194.46,203.63,172.96,214.17,197.5,217.3,216.67,,27,965,34,28.41,
17.06.21 12:19:38,61.05,223.93,189.02,124.55,224.88,199.94,212.61,207.95,220.13,214.48,204.55,182.43,223.61,171.5,175.32,187.82,213.54,194.16,203.63,172.67,214.48,197.2,217.61,216.04,,27,965,34,28.39,
17.06.21 12:19:53,61.3,223.29,187.22,123.73,224.88,197.5,212.92,207.02,220.13,214.79,205.17,181.54,223.61,171.2,175.61,186.32,213.85,193.85,203.63,172.38,214.17,197.2,216.99,216.67,,27,965,34,28.39,
17.06.21 12:20:08,61.55,223.93,187.82,123.73,224.56,197.5,212.92,207.95,220.45,214.48,205.47,180.65,223.29,171.2,175.61,186.62,213.85,193.85,203.63,172.67,213.85,196.89,217.61,216.36,,27,965,34,28.38,
17.06.21 12:20:23,61.8,223.61,188.12,123.46,223.93,197.5,211.36,207.64,220.13,214.17,205.17,180.94,222.97,171.2,174.73,184.52,213.54,193.55,204.24,172.38,213.85,196.59,216.99,216.04,,27,965,34,28.36,
17.06.21 12:20:38,62.05,223.93,186.92,122.91,225.19,197.5,211.98,207.33,219.82,213.23,204.86,181.24,222.66,170.91,174.43,183.33,213.85,193.55,204.24,171.2,213.23,195.98,216.99,216.04,,27,965,34,28.36,
17.06.21 12:20:53,62.3,222.97,187.22,121.82,223.61,195.98,211.05,206.71,219.82,213.85,204.24,181.24,222.66,170.32,174.73,184.22,213.54,193.85,205.17,170.91,213.85,195.98,216.99,216.04,,27,965,34,28.35,
17.06.21 12:21:08,62.55,222.97,188.42,121.55,223.93,196.28,211.67,206.71,218.56,213.85,204.55,181.54,222.66,170.32,174.14,183.33,213.23,193.25,204.55,170.62,213.85,196.28,216.67,216.36,,27,965,34,28.35,
17.06.21 12:21:23,62.8,223.29,188.12,121.82,224.56,195.37,211.05,206.4,219.5,214.17,204.55,182.13,222.66,170.03,174.14,183.92,213.54,193.25,204.86,170.03,213.85,196.28,216.36,216.36,,27,965,34,28.34,
17.06.21 12:21:38,63.05,223.29,187.22,121.01,223.29,196.28,211.67,207.02,219.5,213.85,204.24,181.84,222.03,169.74,174.14,182.73,212.92,193.25,203.93,169.15,213.54,195.98,216.67,215.73,,27,965,34,28.33,
17.06.21 12:21:53,63.3,223.29,188.42,121.28,223.61,197.2,210.74,207.33,219.82,213.85,204.55,181.84,222.66,169.45,175.02,182.73,213.23,192.64,204.55,169.74,213.54,195.98,216.67,215.73,,27,965,34,28.34,
17.06.21 12:22:08,63.55,223.29,187.52,121.01,224.56,198.11,212.29,207.64,220.45,214.17,204.55,181.84,222.66,169.74,174.73,183.03,213.23,193.25,204.24,170.32,213.85,196.28,216.67,216.36,,27,965,34,28.31,
17.06.21 12:22:23,63.8,223.61,186.32,120.19,223.61,197.81,211.98,207.02,218.87,213.54,204.24,182.13,222.97,169.45,175.02,182.43,213.85,192.94,203.63,168.86,213.85,196.59,216.99,216.36,,27,965,34,28.31,
17.06.21 12:22:38,64.05,222.66,185.12,119.38,223.61,199.94,211.05,206.4,218.56,212.92,203.93,181.54,222.34,168.28,174.43,180.94,212.29,192.34,202.7,168.57,213.23,195.98,216.36,215.73,,27,965,34,28.31,
17.06.21 12:22:53,64.3,222.66,185.42,119.65,223.29,198.11,211.36,206.4,219.19,213.54,203.63,181.54,222.03,168.86,174.73,180.05,213.23,192.94,202.7,168.57,213.23,196.59,216.67,216.36,,27,965,34,28.31,
17.06.21 12:23:08,64.55,223.61,185.12,119.38,223.93,195.37,211.98,207.02,219.82,213.23,204.24,180.94,222.66,168.86,174.43,180.65,213.23,192.64,204.24,167.11,213.54,196.28,216.67,216.04,,27,965,34,28.3,
17.06.21 12:23:23,64.8,222.66,186.32,119.11,223.29,196.59,211.36,206.71,218.56,212.61,203.93,180.65,222.03,167.99,174.14,180.05,212.92,191.73,202.4,166.24,213.23,195.37,216.36,215.42,,27,965,34,28.3,
17.06.21 12:23:38,65.05,222.97,185.12,118.84,224.24,197.81,211.36,207.33,219.82,213.54,203.93,181.24,222.03,167.7,174.43,180.35,212.61,192.04,203.32,165.66,213.54,195.37,216.36,,,27,965,34,28.28,