"","Date","Sample.ID","Chamber.ID","Plate","Temperature","Type","Salinity","Run","Volume","Org.Number","Notes","Resp.Intercept","R.umol.L.min","Photo.Intercept","P.umol.L.min","R.umol.min","P.umol.min","R.Blank.umol.min","P.Blank.umol.min","R.umol.min.corr","P.umol.min.corr","R.umol.org.min","R.nmol.org.min","P.umol.org.min","P.nmol.org.min","GP.umol.min.corr","GP.umol.org.min","GP.nmol.org.min"
"1",20211205,1,"A1",641,27,"Sample",34,"1",8e-05,5,NA,192.365668390739,-0.704776962168257,191.649101278785,-0.736215078901238,-5.63821569734606e-05,-5.8897206312099e-05,-6.07121259955424e-05,-6.01235824641749e-05,4.32996902208181e-06,1.22637615207581e-06,8.65993804416363e-07,0.000865993804416363,2.45275230415161e-07,0.000245275230415161,-3.10359287000601e-06,-6.20718574001201e-07,-0.000620718574001201
"2",20211205,7,"B1",641,27,"Sample",34,"1",8e-05,5,NA,275.632065294117,-2.13705882352939,193.553968597403,3.70849350649351,-0.000170964705882351,0.000296679480519481,-6.07121259955424e-05,-6.01235824641749e-05,-0.000110252579886809,0.000356803062983656,-2.20505159773618e-05,-0.0220505159773618,7.13606125967311e-05,0.0713606125967311,0.000467055642870465,9.34111285740929e-05,0.0934111285740929
"3",20211205,13,"C1",641,27,"Sample",34,"1",8e-05,4,NA,183.933710026738,0.0998663101604223,194.279145246405,-0.753913021580921,7.98930481283378e-06,-6.03130417264737e-05,-6.07121259955424e-05,-6.01235824641749e-05,6.87014308083762e-05,-1.89459262298833e-07,1.7175357702094e-05,0.017175357702094,-4.73648155747082e-08,-4.73648155747082e-05,-6.8890890070675e-05,-1.72227225176687e-05,-0.0172227225176687
"4",20211205,19,"D1",641,27,"Sample",34,"1",8e-05,5,NA,340.240512939245,-6.35490968801313,148.554155010101,3.31390187590187,-0.00050839277504105,0.00026511215007215,-6.07121259955424e-05,-6.01235824641749e-05,-0.000447680649045508,0.000325235732536325,-8.95361298091016e-05,-0.0895361298091016,6.50471465072649e-05,0.0650471465072649,0.000772916381581833,0.000154583276316367,0.154583276316367
"5",20211205,2,"A2",641,27,"Sample",34,"1",8e-05,5,NA,225.041676470588,-0.421568627450973,194.212903004082,-0.678808163265309,-3.37254901960778e-05,-5.43046530612247e-05,-6.07121259955424e-05,-6.01235824641749e-05,2.69866357994645e-05,5.81892940295013e-06,5.39732715989291e-06,0.00539732715989291,1.16378588059003e-06,0.00116378588059003,-2.11677063965144e-05,-4.23354127930288e-06,-0.00423354127930288
"6",20211205,8,"B2",641,27,"Sample",34,"1",8e-05,5,NA,368.939415083269,-4.14471504965621,186.226787933245,5.10681949934124,-0.000331577203972497,0.000408545559947299,-6.07121259955424e-05,-6.01235824641749e-05,-0.000270865077976954,0.000468669142411474,-5.41730155953909e-05,-0.0541730155953909,9.37338284822948e-05,0.0937338284822948,0.000739534220388429,0.000147906844077686,0.147906844077686
"7",20211205,20,"D2",641,27,"Sample",34,"1",8e-05,5,NA,192.514712254902,0.324019607843124,202.202657486339,-0.288380105584886,2.59215686274499e-05,-2.30704084467909e-05,-6.07121259955424e-05,-6.01235824641749e-05,8.66336946229923e-05,3.7053174017384e-05,1.73267389245985e-05,0.0173267389245985,7.41063480347679e-06,0.00741063480347679,-4.95805206056083e-05,-9.91610412112167e-06,-0.00991610412112167
"8",20211205,3,"A3",641,27,"Sample",34,"1",8e-05,5,NA,387.059543728124,-4.95352869352869,180.655920388825,1.78885961799395,-0.000396282295482295,0.000143108769439516,-6.07121259955424e-05,-6.01235824641749e-05,-0.000335570169486753,0.000203232351903691,-6.71140338973506e-05,-0.0671140338973506,4.06464703807382e-05,0.0406464703807382,0.000538802521390444,0.000107760504278089,0.107760504278089
"9",20211205,15,"C3",641,27,"Sample",34,"1",8e-05,5,NA,448.183025876923,-8.73455384615385,183.152129831852,3.63483800410116,-0.000698764307692308,0.000290787040328093,-6.07121259955424e-05,-6.01235824641749e-05,-0.000638052181696766,0.000350910622792268,-0.000127610436339353,-0.127610436339353,7.01821245584535e-05,0.0701821245584535,0.000988962804489033,0.000197792560897807,0.197792560897807
"10",20211205,21,"D3",641,27,"Sample",34,"1",8e-05,5,NA,372.920139084968,-7.65564499484005,153.037246757123,2.75633649932158,-0.000612451599587204,0.000220506919945726,-6.07121259955424e-05,-6.01235824641749e-05,-0.000551739473591662,0.000280630502409901,-0.000110347894718332,-0.110347894718332,5.61261004819803e-05,0.0561261004819803,0.000832369976001563,0.000166473995200313,0.166473995200313
"11",20211205,4,"A4",641,27,"Sample",34,"1",8e-05,5,NA,383.145955435484,-4.97033870967742,188.070381171245,3.16381227106227,-0.000397627096774194,0.000253104981684982,-6.07121259955424e-05,-6.01235824641749e-05,-0.000336914970778651,0.000313228564149156,-6.73829941557303e-05,-0.0673829941557303,6.26457128298313e-05,0.0626457128298313,0.000650143534927808,0.000130028706985562,0.130028706985562
"12",20211205,10,"B4",641,27,"Sample",34,"1",8e-05,5,NA,423.483677679654,-7.14732467532467,176.828889758202,3.27707754931635,-0.000571785974025974,0.000262166203945308,-6.07121259955424e-05,-6.01235824641749e-05,-0.000511073848030431,0.000322289786409483,-0.000102214769606086,-0.102214769606086,6.44579572818966e-05,0.0644579572818966,0.000833363634439914,0.000166672726887983,0.166672726887983
"13",20211205,16,"C4",641,27,"Sample",34,"1",8e-05,5,NA,344.143332149984,-4.301919504644,197.093702475153,0.411112263417166,-0.00034415356037152,3.28889810733733e-05,-6.07121259955424e-05,-6.01235824641749e-05,-0.000283441434375978,9.30125635375481e-05,-5.66882868751955e-05,-0.0566882868751955,1.86025127075096e-05,0.0186025127075096,0.000376453997913526,7.52907995827052e-05,0.0752907995827052
"14",20211205,5,"A5",641,27,"Sample",34,"1",8e-05,5,NA,278.084288520499,-2.39497326203209,181.261648363636,-0.354326118326116,-0.000191597860962567,-2.83460894660893e-05,-6.07121259955424e-05,-6.01235824641749e-05,-0.000130885734967025,3.17774929980856e-05,-2.6177146993405e-05,-0.026177146993405,6.35549859961711e-06,0.00635549859961711,0.00016266322796511,3.25326455930221e-05,0.0325326455930221
"15",20211205,11,"B5",641,27,"Sample",34,"1",8e-05,5,NA,224.469149182054,-1.79326362625139,185.205668326923,1.48444230769231,-0.000143461090100111,0.000118755384615385,-6.07121259955424e-05,-6.01235824641749e-05,-8.27489641045688e-05,0.00017887896707956,-1.65497928209138e-05,-0.0165497928209138,3.57757934159119e-05,0.0357757934159119,0.000261627931184128,5.23255862368257e-05,0.0523255862368257
"16",20211205,17,"C5",641,27,"Sample",34,"1",8e-05,5,NA,332.622295476827,-7.65848930481284,131.176994585859,0.599503607503608,-0.000612679144385027,4.79602886002886e-05,-6.07121259955424e-05,-6.01235824641749e-05,-0.000551967018389485,0.000108083871064463,-0.000110393403677897,-0.110393403677897,2.16167742128927e-05,0.0216167742128927,0.000660050889453948,0.00013201017789079,0.13201017789079
"17",20211205,18,"C6",641,27,"Sample",34,"1",8e-05,5,NA,315.201168551724,-3.77954679802955,193.993811897013,-0.250665354209602,-0.000302363743842364,-2.00532283367682e-05,-6.07121259955424e-05,-6.01235824641749e-05,-0.000241651617846822,4.00703541274067e-05,-4.83303235693643e-05,-0.0483303235693643,8.01407082548134e-06,0.00801407082548134,0.000281721971974228,5.63443943948457e-05,0.0563443943948457
"18",20211205,1,"A1",710,31,"Sample",34,"2",8e-05,5,NA,415.193361960784,-7.0662745098039,197.547419174661,1.7417520361991,-0.000565301960784312,0.000139340162895928,-4.8091278112568e-05,5.53825431711157e-06,-0.000517210682671744,0.000133801908578816,-0.000103442136534349,-0.103442136534349,2.67603817157633e-05,0.0267603817157633,0.000651012591250561,0.000130202518250112,0.130202518250112
"19",20211205,7,"B1",710,31,"Sample",34,"2",8e-05,5,NA,382.640266,-5.098,223.793903176907,4.09437187550395,-0.00040784,0.000327549750040316,-4.8091278112568e-05,5.53825431711157e-06,-0.000359748721887432,0.000322011495723204,-7.19497443774864e-05,-0.0719497443774864,6.44022991446409e-05,0.0644022991446409,0.000681760217610637,0.000136352043522127,0.136352043522127
"20",20211205,19,"D1",710,31,"Sample",34,"2",8e-05,5,NA,445.928540848484,-8.39137662337661,160.374720524887,3.47371945701358,-0.000671310129870129,0.000277897556561086,-4.8091278112568e-05,5.53825431711157e-06,-0.000623218851757561,0.000272359302243975,-0.000124643770351512,-0.124643770351512,5.4471860448795e-05,0.054471860448795,0.000895578154001536,0.000179115630800307,0.179115630800307
"21",20211205,2,"A2",710,31,"Sample",34,"2",8e-05,5,NA,225.272621885408,-1.61722230710465,174.086474905367,1.38848068446979,-0.000129377784568372,0.000111078454757583,-4.8091278112568e-05,5.53825431711157e-06,-8.1286506455804e-05,0.000105540200440472,-1.62573012911608e-05,-0.0162573012911608,2.11080400880943e-05,0.0211080400880943,0.000186826706896276,3.73653413792551e-05,0.0373653413792551
"22",20211205,8,"B2",710,31,"Sample",34,"2",8e-05,5,NA,285.901472941176,-3.47764705882351,214.603030098361,3.64535370936372,-0.000278211764705881,0.000291628296749098,-4.8091278112568e-05,5.53825431711157e-06,-0.000230120486593313,0.000286090042431986,-4.60240973186626e-05,-0.0460240973186626,5.72180084863972e-05,0.0572180084863972,0.000516210529025299,0.00010324210580506,0.10324210580506
"23",20211205,14,"C2",710,31,"Sample",34,"2",8e-05,5,NA,272.947815700408,-3.43909232480534,200.538076439284,-0.278342202870509,-0.000275127385984427,-2.22673762296407e-05,-4.8091278112568e-05,5.53825431711157e-06,-0.000227036107871859,-2.78056305467523e-05,-4.54072215743718e-05,-0.0454072215743718,-5.56112610935046e-06,-0.00556112610935046,0.000199230477325107,3.98460954650214e-05,0.0398460954650214
"24",20211205,20,"D2",710,31,"Sample",34,"2",8e-05,5,NA,425.107872340253,-7.6438827838828,227.344444494251,0.431945111492281,-0.000611510622710624,3.45556089193825e-05,-4.8091278112568e-05,5.53825431711157e-06,-0.000563419344598056,2.90173546022709e-05,-0.000112683868919611,-0.112683868919611,5.80347092045418e-06,0.00580347092045418,0.000592436699200327,0.000118487339840065,0.118487339840065
"25",20211205,9,"B3",710,31,"Sample",34,"2",8e-05,5,NA,389.836605669565,-5.07092173913043,205.208353676095,2.93329381066695,-0.000405673739130434,0.000234663504853356,-4.8091278112568e-05,5.53825431711157e-06,-0.000357582461017866,0.000229125250536244,-7.15164922035733e-05,-0.0715164922035733,4.58250501072489e-05,0.0458250501072489,0.000586707711554111,0.000117341542310822,0.117341542310822
"26",20211205,15,"C3",710,31,"Sample",34,"2",8e-05,5,NA,427.206492,-6.70825806451612,198.83524524288,3.42536022764474,-0.00053666064516129,0.000274028818211579,-4.8091278112568e-05,5.53825431711157e-06,-0.000488569367048722,0.000268490563894468,-9.77138734097443e-05,-0.0977138734097443,5.36981127788935e-05,0.0536981127788935,0.000757059930943189,0.000151411986188638,0.151411986188638
"27",20211205,21,"D3",710,31,"Sample",34,"2",8e-05,5,NA,367.967445553624,-4.69057391304349,184.309202429512,2.71497760210804,-0.000375245913043479,0.000217198208168643,-4.8091278112568e-05,5.53825431711157e-06,-0.000327154634930911,0.000211659953851532,-6.54309269861823e-05,-0.0654309269861823,4.23319907703063e-05,0.0423319907703063,0.000538814588782443,0.000107762917756489,0.107762917756489
"28",20211205,4,"A4",710,31,"Sample",34,"2",8e-05,5,NA,365.966780866995,-5.8775763546798,193.761704735348,0.731856227106227,-0.000470206108374384,5.85484981684982e-05,-4.8091278112568e-05,5.53825431711157e-06,-0.000422114830261816,5.30102438513866e-05,-8.44229660523632e-05,-0.0844229660523632,1.06020487702773e-05,0.0106020487702773,0.000475125074113203,9.50250148226405e-05,0.0950250148226405
"29",20211205,10,"B4",710,31,"Sample",34,"2",8e-05,5,NA,390.935640965517,-5.8815172413793,239.698500673655,1.99544425385935,-0.000470521379310344,0.000159635540308748,-4.8091278112568e-05,5.53825431711157e-06,-0.000422430101197776,0.000154097285991636,-8.44860202395552e-05,-0.0844860202395552,3.08194571983273e-05,0.0308194571983273,0.000576527387189413,0.000115305477437883,0.115305477437882
"30",20211205,16,"C4",710,31,"Sample",34,"2",8e-05,5,NA,302.102853519061,-2.79992668621699,196.173816444185,2.9553430742256,-0.000223994134897359,0.000236427445938048,-4.8091278112568e-05,5.53825431711157e-06,-0.000175902856784791,0.000230889191620936,-3.51805713569583e-05,-0.0351805713569582,4.61778383241873e-05,0.0461778383241873,0.000406792048405728,8.13584096811455e-05,0.0813584096811455
"31",20211205,22,"D4",710,31,"Sample",34,"2",8e-05,5,NA,344.660311037594,-4.72108270676691,203.58210674635,0.898492273542218,-0.000377686616541353,7.18793818833774e-05,-4.8091278112568e-05,5.53825431711157e-06,-0.000329595338428785,6.63411275662659e-05,-6.5919067685757e-05,-0.065919067685757,1.32682255132532e-05,0.0132682255132532,0.000395936465995051,7.91872931990101e-05,0.0791872931990101
"32",20211205,5,"A5",710,31,"Sample",34,"2",8e-05,5,NA,301.776644678849,-6.91423131633658,179.288520449399,1.27453461239305,-0.000553138505306926,0.000101962768991444,-4.8091278112568e-05,5.53825431711157e-06,-0.000505047227194358,9.64245146743324e-05,-0.000101009445438872,-0.101009445438872,1.92849029348665e-05,0.0192849029348665,0.000601471741868691,0.000120294348373738,0.120294348373738
"33",20211205,17,"C5",710,31,"Sample",34,"2",8e-05,5,NA,333.966778562091,-5.39863777089783,177.267711700576,3.86486009848456,-0.000431891021671826,0.000309188807878765,-4.8091278112568e-05,5.53825431711157e-06,-0.000383799743559258,0.000303650553561653,-7.67599487118517e-05,-0.0767599487118517,6.07301107123307e-05,0.0607301107123306,0.000687450297120912,0.000137490059424182,0.137490059424182
"34",20211205,23,"D5",710,31,"Sample",34,"2",8e-05,5,NA,363.83490035942,-6.51673043478261,167.813705459662,3.70257035647279,-0.000521338434782609,0.000296205628517823,-4.8091278112568e-05,5.53825431711157e-06,-0.000473247156670041,0.000290667374200712,-9.46494313340082e-05,-0.0946494313340082,5.81334748401423e-05,0.0581334748401423,0.000763914530870753,0.00015278290617415,0.15278290617415
"35",20211205,6,"A6",710,31,"Sample",34,"2",8e-05,5,NA,309.825718947368,-5.89368421052629,150.362344832771,2.6551568576614,-0.000471494736842103,0.000212412548612912,-4.8091278112568e-05,5.53825431711157e-06,-0.000423403458729535,0.0002068742942958,-8.46806917459071e-05,-0.0846806917459071,4.13748588591601e-05,0.0413748588591601,0.000630277753025336,0.000126055550605067,0.126055550605067
"36",20211205,18,"C6",710,31,"Sample",34,"2",8e-05,5,NA,279.413506568627,-3.67656862745098,202.239543438155,2.8362231898081,-0.000294125490196078,0.000226897855184648,-4.8091278112568e-05,5.53825431711157e-06,-0.00024603421208351,0.000221359600867536,-4.92068424167021e-05,-0.0492068424167021,4.42719201735073e-05,0.0442719201735073,0.000467393812951047,9.34787625902094e-05,0.0934787625902094
"37",20211206,1,"A1",641,27,"Sample",34,"3",8e-05,5,NA,280.736363008696,-4.65076521739132,104.224174184874,3.71722128851541,-0.000372061217391306,0.000297377703081233,-7.25067850410461e-05,-5.46138078860766e-05,-0.00029955443235026,0.000351991510967309,-5.99108864700519e-05,-0.0599108864700519,7.03983021934619e-05,0.0703983021934619,0.000651545943317569,0.000130309188663514,0.130309188663514
"38",20211206,13,"C1",641,27,"Sample",34,"3",8e-05,4,NA,286.993323870085,-3.37400341880341,162.342019165471,3.11154994837702,-0.000269920273504273,0.000248923995870162,-7.25067850410461e-05,-5.46138078860766e-05,-0.000197413488463227,0.000303537803756238,-4.93533721158067e-05,-0.0493533721158067,7.58844509390596e-05,0.0758844509390596,0.000500951292219465,0.000125237823054866,0.125237823054866
"39",20211206,19,"D1",641,27,"Sample",34,"3",8e-05,5,NA,213.493834633053,-1.00081792717086,182.006245314807,-0.645301780286586,-8.00654341736688e-05,-5.16241424229269e-05,-7.25067850410461e-05,-5.46138078860766e-05,-7.55864913262275e-06,2.98966546314976e-06,-1.51172982652455e-06,-0.00151172982652455,5.97933092629952e-07,0.000597933092629952,1.05483145957725e-05,2.1096629191545e-06,0.0021096629191545
"40",20211206,2,"A2",641,27,"Sample",34,"3",8e-05,5,NA,364.52308173913,-7.84261998870692,150.437473632716,2.66054981644326,-0.000627409599096554,0.000212843985315461,-7.25067850410461e-05,-5.46138078860766e-05,-0.000554902814055508,0.000267457793201537,-0.000110980562811102,-0.110980562811102,5.34915586403075e-05,0.0534915586403075,0.000822360607257045,0.000164472121451409,0.164472121451409
"41",20211206,8,"B2",641,27,"Sample",34,"3",8e-05,5,NA,356.782348529411,-5.50147058823526,143.503938701216,5.33386991010048,-0.000440117647058821,0.000426709592808038,-7.25067850410461e-05,-5.46138078860766e-05,-0.000367610862017775,0.000481323400694115,-7.3522172403555e-05,-0.073522172403555,9.6264680138823e-05,0.096264680138823,0.00084893426271189,0.000169786852542378,0.169786852542378
"42",20211206,14,"C2",641,27,"Sample",34,"3",8e-05,5,NA,441.951847,-10.5792352941177,132.584568208598,6.66901761804087,-0.000846338823529416,0.00053352140944327,-7.25067850410461e-05,-5.46138078860766e-05,-0.00077383203848837,0.000588135217329346,-0.000154766407697674,-0.154766407697674,0.000117627043465869,0.117627043465869,0.00136196725581772,0.000272393451163543,0.272393451163543
"43",20211206,20,"D2",641,27,"Sample",34,"3",8e-05,5,NA,337.401684313044,-7.25380869565219,147.244154816016,4.44915222402459,-0.000580304695652175,0.000355932177921967,-7.25067850410461e-05,-5.46138078860766e-05,-0.000507797910611129,0.000410545985808044,-0.000101559582122226,-0.101559582122226,8.21091971616088e-05,0.0821091971616088,0.000918343896419173,0.000183668779283835,0.183668779283835
"44",20211206,3,"A3",641,27,"Sample",34,"3",8e-05,5,NA,323.479292874082,-6.06495765104459,133.231773020352,4.13422294172063,-0.000485196612083567,0.00033073783533765,-7.25067850410461e-05,-5.46138078860766e-05,-0.000412689827042521,0.000385351643223727,-8.25379654085042e-05,-0.0825379654085042,7.70703286447454e-05,0.0770703286447454,0.000798041470266248,0.00015960829405325,0.15960829405325
"45",20211206,9,"B3",641,27,"Sample",34,"3",8e-05,5,NA,274.588035315315,-4.6645045045045,148.979475084083,-0.8485203595981,-0.00037316036036036,-6.7881628767848e-05,-7.25067850410461e-05,-5.46138078860766e-05,-0.000300653575319314,-1.32678208817714e-05,-6.01307150638628e-05,-0.0601307150638628,-2.65356417635427e-06,-0.00265356417635427,0.000287385754437543,5.74771508875085e-05,0.0574771508875085
"46",20211206,21,"D3",641,27,"Sample",34,"3",8e-05,5,NA,200.353357588933,-3.08462450592886,117.724326032791,4.08732966255499,-0.000246769960474309,0.000326986373004399,-7.25067850410461e-05,-5.46138078860766e-05,-0.000174263175433263,0.000381600180890476,-3.48526350866525e-05,-0.0348526350866525,7.63200361780952e-05,0.0763200361780952,0.000555863356323739,0.000111172671264748,0.111172671264748
"47",20211206,4,"A4",641,27,"Sample",34,"3",8e-05,5,NA,353.117834639038,-5.54736631016044,175.96622652779,1.5281345513532,-0.000443789304812835,0.000122250764108256,-7.25067850410461e-05,-5.46138078860766e-05,-0.000371282519771789,0.000176864571994333,-7.42565039543578e-05,-0.0742565039543578,3.53729143988665e-05,0.0353729143988665,0.000548147091766122,0.000109629418353224,0.109629418353224
"48",20211206,10,"B4",641,27,"Sample",34,"3",8e-05,5,NA,347.805127363071,-8.59835121400338,156.542494367347,2.51689795918367,-0.00068786809712027,0.000201351836734694,-7.25067850410461e-05,-5.46138078860766e-05,-0.000615361312079224,0.00025596564462077,-0.000123072262415845,-0.123072262415845,5.1193128924154e-05,0.051193128924154,0.000871326956699995,0.000174265391339999,0.174265391339999
"49",20211206,16,"C4",641,27,"Sample",34,"3",8e-05,5,NA,252.070067507692,-4.96867692307693,127.387309634132,3.3940666277031,-0.000397494153846154,0.000271525330216248,-7.25067850410461e-05,-5.46138078860766e-05,-0.000324987368805108,0.000326139138102325,-6.49974737610217e-05,-0.0649974737610217,6.52278276204649e-05,0.0652278276204649,0.000651126506907433,0.000130225301381487,0.130225301381487
"50",20211206,22,"D4",641,27,"Sample",34,"3",8e-05,5,NA,262.512033316018,-5.57007792207794,128.085624135677,1.1802602528523,-0.000445606233766235,9.4420820228184e-05,-7.25067850410461e-05,-5.46138078860766e-05,-0.000373099448725189,0.000149034628114261,-7.46198897450378e-05,-0.0746198897450378,2.98069256228521e-05,0.0298069256228521,0.00052213407683945,0.00010442681536789,0.10442681536789
"51",20211206,5,"A5",641,27,"Sample",34,"3",8e-05,5,NA,364.217583306451,-7.79427419354837,138.326649815126,6.21189915966387,-0.00062354193548387,0.00049695193277311,-7.25067850410461e-05,-5.46138078860766e-05,-0.000551035150442824,0.000551565740659186,-0.000110207030088565,-0.110207030088565,0.000110313148131837,0.110313148131837,0.00110260089110201,0.000220520178220402,0.220520178220402
"52",20211206,11,"B5",641,27,"Sample",34,"3",8e-05,5,NA,386.040868155446,-7.27168035030103,164.38226869632,7.19553316827456,-0.000581734428024082,0.000575642653461965,-7.25067850410461e-05,-5.46138078860766e-05,-0.000509227642983036,0.000630256461348041,-0.000101845528596607,-0.101845528596607,0.000126051292269608,0.126051292269608,0.00113948410433108,0.000227896820866216,0.227896820866216
"53",20211206,17,"C5",641,27,"Sample",34,"3",8e-05,5,NA,259.035620588236,-4.50882352941178,129.421035274458,3.79719090428345,-0.000360705882352942,0.000303775272342676,-7.25067850410461e-05,-5.46138078860766e-05,-0.000288199097311896,0.000358389080228753,-5.76398194623793e-05,-0.0576398194623793,7.16778160457505e-05,0.0716778160457505,0.000646588177540649,0.00012931763550813,0.12931763550813
"54",20211206,18,"C6",641,27,"Sample",34,"3",8e-05,5,NA,311.047193189149,-6.04144428152492,98.4094872603517,6.05341220322502,-0.000483315542521994,0.000484272976258002,-7.25067850410461e-05,-5.46138078860766e-05,-0.000410808757480948,0.000538886784144078,-8.21617514961895e-05,-0.0821617514961895,0.000107777356828816,0.107777356828816,0.000949695541625026,0.000189939108325005,0.189939108325005
"55",20211206,24,"D6",641,27,"Sample",34,"3",8e-05,5,NA,235.421251372549,-4.08745098039215,166.851775607985,2.39153096065705,-0.000326996078431372,0.000191322476852564,-7.25067850410461e-05,-5.46138078860766e-05,-0.000254489293390326,0.000245936284738641,-5.08978586780652e-05,-0.0508978586780652,4.91872569477281e-05,0.0491872569477281,0.000500425578128967,0.000100085115625793,0.100085115625793
"56",20211206,1,"A1",710,31,"Sample",34,"4",8e-05,5,NA,191.200798647058,-1.49594117647057,159.281937530852,-0.760875870348139,-0.000119675294117646,-6.08700696278511e-05,-6.46391386187252e-05,-4.46227839033396e-05,-5.50361554989204e-05,-1.62472857245115e-05,-1.10072310997841e-05,-0.0110072310997841,-3.2494571449023e-06,-0.0032494571449023,3.87888697744089e-05,7.75777395488178e-06,0.00775777395488178
"57",20211206,13,"C1",710,31,"Sample",34,"4",8e-05,5,NA,238.658414765292,-6.12101469890944,135.32835614962,-0.161493863237874,-0.000489681175912755,-1.29195090590299e-05,-6.46391386187252e-05,-4.46227839033396e-05,-0.00042504203729403,3.17032748443097e-05,-8.5008407458806e-05,-0.085008407458806,6.34065496886194e-06,0.00634065496886194,0.00045674531213834,9.13490624276679e-05,0.0913490624276679
"58",20211206,19,"D1",710,31,"Sample",34,"4",8e-05,5,NA,376.011899258065,-5.71229032258065,203.708635035202,3.22834293394777,-0.000456983225806452,0.000258267434715822,-6.46391386187252e-05,-4.46227839033396e-05,-0.000392344087187727,0.000302890218619161,-7.84688174375454e-05,-0.0784688174375454,6.05780437238322e-05,0.0605780437238322,0.000695234305806888,0.000139046861161378,0.139046861161378
"59",20211206,2,"A2",710,31,"Sample",34,"4",8e-05,5,NA,404.080629907692,-7.99844102564102,152.564090096646,7.48748655913978,-0.000639875282051282,0.000598998924731182,-6.46391386187252e-05,-4.46227839033396e-05,-0.000575236143432556,0.000643621708634522,-0.000115047228686511,-0.115047228686511,0.000128724341726904,0.128724341726904,0.00121885785206708,0.000243771570413416,0.243771570413416
"60",20211206,8,"B2",710,31,"Sample",34,"4",8e-05,5,NA,328.732923976609,-9.47368421052633,151.72697900794,2.47397250917784,-0.000757894736842106,0.000197917800734227,-6.46391386187252e-05,-4.46227839033396e-05,-0.000693255598223381,0.000242540584637567,-0.000138651119644676,-0.138651119644676,4.85081169275134e-05,0.0485081169275134,0.000935796182860948,0.00018715923657219,0.18715923657219
"61",20211206,14,"C2",710,31,"Sample",34,"4",8e-05,5,NA,327.445771478261,-5.70139130434783,167.267235295278,2.13315574348132,-0.000456111304347826,0.000170652459478506,-6.46391386187252e-05,-4.46227839033396e-05,-0.000391472165729101,0.000215275243381845,-7.82944331458203e-05,-0.0782944331458203,4.3055048676369e-05,0.043055048676369,0.000606747409110946,0.000121349481822189,0.121349481822189
"62",20211206,20,"D2",710,31,"Sample",34,"4",8e-05,5,NA,345.419865065982,-6.19527126099706,174.166011990649,4.00400467562828,-0.000495621700879765,0.000320320374050262,-6.46391386187252e-05,-4.46227839033396e-05,-0.00043098256226104,0.000364943157953602,-8.61965124522079e-05,-0.0861965124522079,7.29886315907204e-05,0.0729886315907204,0.000795925720214642,0.000159185144042928,0.159185144042928
"63",20211206,9,"B3",710,31,"Sample",34,"4",8e-05,5,NA,413.133287487685,-9.35014778325123,152.224339196158,6.30601296518608,-0.000748011822660098,0.000504481037214886,-6.46391386187252e-05,-4.46227839033396e-05,-0.000683372684041373,0.000549103821118226,-0.000136674536808275,-0.136674536808275,0.000109820764223645,0.109820764223645,0.0012324765051596,0.00024649530103192,0.24649530103192
"64",20211206,21,"D3",710,31,"Sample",34,"4",8e-05,5,NA,403.568711306735,-8.08269755469756,144.606287818685,5.09946849883329,-0.000646615804375805,0.000407957479906663,-6.46391386187252e-05,-4.46227839033396e-05,-0.00058197666575708,0.000452580263810003,-0.000116395333151416,-0.116395333151416,9.05160527620006e-05,0.0905160527620006,0.00103455692956708,0.000206911385913417,0.206911385913417
"65",20211206,4,"A4",710,31,"Sample",34,"4",8e-05,5,NA,365.331331639098,-8.18890225563909,158.57014877828,4.17809954751132,-0.000655112180451127,0.000334247963800906,-6.46391386187252e-05,-4.46227839033396e-05,-0.000590473041832402,0.000378870747704245,-0.00011809460836648,-0.11809460836648,7.5774149540849e-05,0.075774149540849,0.000969343789536647,0.000193868757907329,0.193868757907329
"66",20211206,10,"B4",710,31,"Sample",34,"4",8e-05,5,NA,277.602963007519,-7.18225563909774,146.809652774194,0.909154944473819,-0.000574580451127819,7.27323955579055e-05,-6.46391386187252e-05,-4.46227839033396e-05,-0.000509941312509094,0.000117355179461245,-0.000101988262501819,-0.101988262501819,2.3471035892249e-05,0.023471035892249,0.000627296491970339,0.000125459298394068,0.125459298394068
"67",20211206,16,"C4",710,31,"Sample",34,"4",8e-05,5,NA,338.982024170772,-8.02160919540229,145.099026061952,2.80188427819988,-0.000641728735632183,0.00022415074225599,-6.46391386187252e-05,-4.46227839033396e-05,-0.000577089597013458,0.00026877352615933,-0.000115417919402692,-0.115417919402692,5.3754705231866e-05,0.053754705231866,0.000845863123172788,0.000169172624634558,0.169172624634558
"68",20211206,22,"D4",710,31,"Sample",34,"4",8e-05,5,NA,300.07573497076,-3.91492260061919,161.581470296279,1.06704633853541,-0.000313193808049535,8.53637070828328e-05,-6.46391386187252e-05,-4.46227839033396e-05,-0.00024855466943081,0.000129986490986172,-4.9710933886162e-05,-0.049710933886162,2.59972981972345e-05,0.0259972981972345,0.000378541160416982,7.57082320833965e-05,0.0757082320833965
"69",20211206,5,"A5",710,31,"Sample",34,"4",8e-05,5,NA,298.588044100448,-4.64829721362232,151.026975436774,4.25523444976077,-0.000371863777089786,0.000340418755980862,-6.46391386187252e-05,-4.46227839033396e-05,-0.00030722463847106,0.000385041539884201,-6.14449276942121e-05,-0.0614449276942121,7.70083079768402e-05,0.0770083079768402,0.000692266178355262,0.000138453235671052,0.138453235671052
"70",20211206,17,"C5",710,31,"Sample",34,"4",8e-05,5,NA,374.412222702703,-8.39783783783784,137.538750666667,5.348,-0.000671827027027027,0.00042784,-6.46391386187252e-05,-4.46227839033396e-05,-0.000607187888408302,0.00047246278390334,-0.00012143757768166,-0.12143757768166,9.44925567806679e-05,0.0944925567806679,0.00107965067231164,0.000215930134462328,0.215930134462328
"71",20211206,23,"D5",710,31,"Sample",34,"4",8e-05,5,NA,255.176299127566,-4.5982624633431,134.285814983355,2.61953104646114,-0.000367860997067448,0.000209562483716891,-6.46391386187252e-05,-4.46227839033396e-05,-0.000303221858448723,0.000254185267620231,-6.06443716897446e-05,-0.0606443716897446,5.08370535240462e-05,0.0508370535240462,0.000557407126068954,0.000111481425213791,0.111481425213791
"72",20211206,6,"A6",710,31,"Sample",34,"4",8e-05,5,NA,382.846143176471,-8.21776470588236,154.955681542977,4.68367295597484,-0.000657421176470589,0.000374693836477987,-6.46391386187252e-05,-4.46227839033396e-05,-0.000592782037851864,0.000419316620381327,-0.000118556407570373,-0.118556407570373,8.38633240762654e-05,0.0838633240762654,0.00101209865823319,0.000202419731646638,0.202419731646638
"73",20211206,18,"C6",710,31,"Sample",34,"4",8e-05,5,NA,295.000276170259,-5.11256811467338,172.16672550789,2.02663237872589,-0.00040900544917387,0.000162130590298071,-6.46391386187252e-05,-4.46227839033396e-05,-0.000344366310555145,0.000206753374201411,-6.8873262111029e-05,-0.068873262111029,4.13506748402822e-05,0.0413506748402822,0.000551119684756556,0.000110223936951311,0.110223936951311
"74",20211206,24,"D6",710,31,"Sample",34,"4",8e-05,5,NA,332.754701233083,-5.99392481203007,161.785818066628,2.26689888953828,-0.000479513984962406,0.000181351911163062,-6.46391386187252e-05,-4.46227839033396e-05,-0.00041487484634368,0.000225974695066402,-8.29749692687361e-05,-0.0829749692687361,4.51949390132804e-05,0.0451949390132804,0.000640849541410083,0.000128169908282017,0.128169908282017
"75",20211206,1,"A1",641,27,"Sample",34,"5",8e-05,5,NA,277.604162079912,-4.57545703338806,153.947478321188,4.69782995951417,-0.000366036562671045,0.000375826396761134,-6.22016035321772e-05,-8.09355041220706e-05,-0.000303834959138868,0.000456761900883204,-6.07669918277735e-05,-0.0607669918277735,9.13523801766408e-05,0.0913523801766408,0.000760596860022072,0.000152119372004414,0.152119372004414
"76",20211206,7,"B1",641,27,"Sample",34,"5",8e-05,5,NA,288.701565194805,-4.36018068887633,169.520859839253,1.43914959813326,-0.000348814455110106,0.000115131967850661,-6.22016035321772e-05,-8.09355041220706e-05,-0.000286612851577929,0.000196067471972731,-5.73225703155858e-05,-0.0573225703155858,3.92134943945463e-05,0.0392134943945463,0.000482680323550661,9.65360647101321e-05,0.0965360647101321
"77",20211206,13,"C1",641,27,"Sample",34,"5",8e-05,5,NA,307.219831969231,-4.86975384615385,198.791562507937,0.979431457431452,-0.000389580307692308,7.83545165945162e-05,-6.22016035321772e-05,-8.09355041220706e-05,-0.000327378704160131,0.000159290020716587,-6.54757408320262e-05,-0.0654757408320262,3.18580041433173e-05,0.0318580041433173,0.000486668724876718,9.73337449753435e-05,0.0973337449753435
"78",20211206,19,"D1",641,27,"Sample",34,"5",8e-05,5,NA,230.705554877271,-1.98476529477198,211.843365819175,-1.15431742508324,-0.000158781223581758,-9.23453940066592e-05,-6.22016035321772e-05,-8.09355041220706e-05,-9.65796200495812e-05,-1.14098898845887e-05,-1.93159240099162e-05,-0.0193159240099162,-2.28197797691773e-06,-0.00228197797691773,8.51697301649926e-05,1.70339460329985e-05,0.0170339460329985
"79",20211206,2,"A2",641,27,"Sample",34,"5",8e-05,5,NA,275.450782086658,-2.94059716859717,206.889714824818,-0.278437355809155,-0.000235247773487774,-2.22749884647324e-05,-6.22016035321772e-05,-8.09355041220706e-05,-0.000173046169955596,5.86605156573382e-05,-3.46092339911193e-05,-0.0346092339911193,1.17321031314676e-05,0.0117321031314676,0.000231706685612935,4.63413371225869e-05,0.0463413371225869
"80",20211206,14,"C2",641,27,"Sample",34,"5",8e-05,5,NA,230.21192637594,-5.48439097744361,160.394137310782,2.06135870331219,-0.000438751278195489,0.000164908696264975,-6.22016035321772e-05,-8.09355041220706e-05,-0.000376549674663312,0.000245844200387046,-7.53099349326623e-05,-0.0753099349326623,4.91688400774092e-05,0.0491688400774092,0.000622393875050357,0.000124478775010071,0.124478775010071
"81",20211206,20,"D2",641,27,"Sample",34,"5",8e-05,5,NA,353.946296691135,-6.48691134952004,203.425362983349,-0.199495837187789,-0.000518952907961603,-1.59596669750231e-05,-6.22016035321772e-05,-8.09355041220706e-05,-0.000456751304429426,6.49758371470474e-05,-9.13502608858852e-05,-0.0913502608858852,1.29951674294095e-05,0.0129951674294095,0.000521727141576473,0.000104345428315295,0.104345428315295
"82",20211206,9,"B3",641,27,"Sample",34,"5",8e-05,5,NA,315.595124203613,-5.77326765188834,153.081544121212,2.65248484848485,-0.000461861412151067,0.000212198787878788,-6.22016035321772e-05,-8.09355041220706e-05,-0.00039965980861889,0.000293134292000859,-7.9931961723778e-05,-0.079931961723778,5.86268584001717e-05,0.0586268584001717,0.000692794100619749,0.00013855882012395,0.13855882012395
"83",20211206,15,"C3",641,27,"Sample",34,"5",8e-05,5,NA,346.753060663248,-7.97310085470085,168.439615540616,1.42284593837535,-0.000637848068376068,0.000113827675070028,-6.22016035321772e-05,-8.09355041220706e-05,-0.000575646464843891,0.000194763179192099,-0.000115129292968778,-0.115129292968778,3.89526358384197e-05,0.0389526358384197,0.000770409644035989,0.000154081928807198,0.154081928807198
"84",20211206,21,"D3",641,27,"Sample",34,"5",8e-05,5,NA,57.3402440430107,-0.899870967741933,123.752880026891,-2.55201344537815,-7.19896774193546e-05,-0.000204161075630252,-6.22016035321772e-05,-8.09355041220706e-05,-9.78807388717743e-06,-0.000123225571508181,-1.95761477743549e-06,-0.00195761477743549,-2.46451143016363e-05,-0.0246451143016363,-0.000113437497621004,-2.26874995242008e-05,-0.0226874995242008
"85",20211206,4,"A4",641,27,"Sample",34,"5",8e-05,5,NA,322.520647518797,-6.1606015037594,181.695320798234,1.69272904906643,-0.000492848120300752,0.000135418323925314,-6.22016035321772e-05,-8.09355041220706e-05,-0.000430646516768575,0.000216353828047385,-8.6129303353715e-05,-0.086129303353715,4.3270765609477e-05,0.043270765609477,0.00064700034481596,0.000129400068963192,0.129400068963192
"86",20211206,10,"B4",641,27,"Sample",34,"5",8e-05,5,NA,297.399688431084,-5.67966275659822,194.271811809121,1.52168529145273,-0.000454373020527858,0.000121734823316218,-6.22016035321772e-05,-8.09355041220706e-05,-0.00039217141699568,0.000202670327438289,-7.84342833991361e-05,-0.0784342833991361,4.05340654876578e-05,0.0405340654876578,0.000594841744433969,0.000118968348886794,0.118968348886794
"87",20211206,16,"C4",641,27,"Sample",34,"5",8e-05,5,NA,289.198308630394,-4.71482176360225,219.423937705642,-1.24322496998799,-0.00037718574108818,-9.94579975990392e-05,-6.22016035321772e-05,-8.09355041220706e-05,-0.000314984137556003,-1.85224934769687e-05,-6.29968275112006e-05,-0.0629968275112006,-3.70449869539373e-06,-0.00370449869539373,0.000296461644079034,5.92923288158068e-05,0.0592923288158068
"88",20211206,22,"D4",641,27,"Sample",34,"5",8e-05,5,NA,141.856078977444,-0.909112781954885,183.893525603239,-4.35980566801619,-7.27290225563908e-05,-0.000348784453441295,-6.22016035321772e-05,-8.09355041220706e-05,-1.05274190242136e-05,-0.000267848949319225,-2.10548380484272e-06,-0.00210548380484272,-5.35697898638449e-05,-0.0535697898638449,-0.000257321530295011,-5.14643060590022e-05,-0.0514643060590022
"89",20211206,5,"A5",641,27,"Sample",34,"5",8e-05,5,NA,361.830308495389,-7.19531488801054,185.442945116279,1.98970585852038,-0.000575625191040843,0.00015917646868163,-6.22016035321772e-05,-8.09355041220706e-05,-0.000513423587508666,0.000240111972803701,-0.000102684717501733,-0.102684717501733,4.80223945607402e-05,0.0480223945607402,0.000753535560312367,0.000150707112062473,0.150707112062473
"90",20211206,11,"B5",641,27,"Sample",34,"5",8e-05,5,NA,324.775835697479,-6.15807282913165,187.186055652341,2.47573205282113,-0.000492645826330532,0.00019805856422569,-6.22016035321772e-05,-8.09355041220706e-05,-0.000430444222798355,0.000278994068347761,-8.6088844559671e-05,-0.086088844559671,5.57988136695522e-05,0.0557988136695522,0.000709438291146116,0.000141887658229223,0.141887658229223
"91",20211206,17,"C5",641,27,"Sample",34,"5",8e-05,5,NA,202.927916585508,-2.70975652173914,204.72719878424,-3.49166228893058,-0.000216780521739131,-0.000279332983114446,-6.22016035321772e-05,-8.09355041220706e-05,-0.000154578918206954,-0.000198397478992376,-3.09157836413908e-05,-0.0309157836413908,-3.96794957984752e-05,-0.0396794957984752,-4.38185607854219e-05,-8.76371215708437e-06,-0.00876371215708437
"92",20211206,18,"C6",641,27,"Sample",34,"5",8e-05,5,NA,282.713768110517,-4.40326203208557,205.891955343435,0.299920589903569,-0.000352260962566846,2.39936471922855e-05,-6.22016035321772e-05,-8.09355041220706e-05,-0.000290059359034668,0.000104929151314356,-5.80118718069337e-05,-0.0580118718069337,2.09858302628712e-05,0.0209858302628712,0.000394988510349025,7.89977020698049e-05,0.0789977020698049
"93",20211206,24,"D6",641,27,"Sample",34,"5",8e-05,5,NA,267.931783376623,-5.60761151891585,173.728009103841,-1.25348506401138,-0.000448608921513268,-0.00010027880512091,-6.22016035321772e-05,-8.09355041220706e-05,-0.000386407317981091,-1.93433009988398e-05,-7.72814635962182e-05,-0.0772814635962182,-3.86866019976797e-06,-0.00386866019976797,0.000367064016982251,7.34128033964502e-05,0.0734128033964502
"94",20211206,1,"A1",710,31,"Sample",34,"6",8e-05,5,NA,299.158609371981,-5.79517786561265,151.786284260633,2.75282895927602,-0.000463614229249012,0.000220226316742082,-8.47648450815714e-05,7.93062826481692e-05,-0.000378849384167441,0.000140920034093912,-7.57698768334881e-05,-0.0757698768334881,2.81840068187825e-05,0.0281840068187825,0.000519769418261353,0.000103953883652271,0.103953883652271
"95",20211206,7,"B1",710,31,"Sample",34,"6",8e-05,5,NA,287.000031705628,-5.81979220779221,147.189664116559,3.85593894542091,-0.000465583376623377,0.000308475115633673,-8.47648450815714e-05,7.93062826481692e-05,-0.000380818531541805,0.000229168832985504,-7.61637063083611e-05,-0.0761637063083611,4.58337665971007e-05,0.0458337665971007,0.000609987364527309,0.000121997472905462,0.121997472905462
"96",20211206,13,"C1",710,31,"Sample",34,"6",8e-05,5,NA,139.695647665025,-2.95087684729064,138.870466494715,0.244208597603943,-0.000236070147783251,1.95366878083154e-05,-8.47648450815714e-05,7.93062826481692e-05,-0.00015130530270168,-5.97695948398537e-05,-3.0261060540336e-05,-0.030261060540336,-1.19539189679707e-05,-0.0119539189679707,9.1535707861826e-05,1.83071415723652e-05,0.0183071415723652
"97",20211206,19,"D1",710,31,"Sample",34,"6",8e-05,5,NA,210.221448379446,-2.84203274985883,152.903807412998,5.37943815513627,-0.000227362619988706,0.000430355052410902,-8.47648450815714e-05,7.93062826481692e-05,-0.000142597774907135,0.000351048769762732,-2.8519554981427e-05,-0.028519554981427,7.02097539525465e-05,0.0702097539525465,0.000493646544669867,9.87293089339735e-05,0.0987293089339735
"98",20211206,8,"B2",710,31,"Sample",34,"6",8e-05,5,NA,398.329399638622,-8.85165443252399,178.707505050505,1.52525252525252,-0.000708132354601919,0.000122020202020202,-8.47648450815714e-05,7.93062826481692e-05,-0.000623367509520348,4.27139193720324e-05,-0.00012467350190407,-0.12467350190407,8.54278387440648e-06,0.00854278387440648,0.00066608142889238,0.000133216285778476,0.133216285778476
"99",20211206,14,"C2",710,31,"Sample",34,"6",8e-05,5,NA,356.69765146798,-6.18987192118227,170.645798512928,4.75037316561845,-0.000495189753694582,0.000380029853249476,-8.47648450815714e-05,7.93062826481692e-05,-0.00041042490861301,0.000300723570601307,-8.2084981722602e-05,-0.082084981722602,6.01447141202614e-05,0.0601447141202614,0.000711148479214317,0.000142229695842863,0.142229695842863
"100",20211206,20,"D2",710,31,"Sample",34,"6",8e-05,5,NA,252.702768857143,-3.66615331010453,131.549754051381,2.92934645858343,-0.000293292264808362,0.000234347716686674,-8.47648450815714e-05,7.93062826481692e-05,-0.000208527419726791,0.000155041434038505,-4.17054839453582e-05,-0.0417054839453582,3.1008286807701e-05,0.031008286807701,0.000363568853765296,7.27137707530592e-05,0.0727137707530592
"101",20211206,3,"A3",710,31,"Sample",34,"6",8e-05,5,NA,374.087545503438,-7.84231627196332,170.171168263953,2.3854332408264,-0.000627385301757066,0.000190834659266112,-8.47648450815714e-05,7.93062826481692e-05,-0.000542620456675494,0.000111528376617943,-0.000108524091335099,-0.108524091335099,2.23056753235886e-05,0.0223056753235886,0.000654148833293437,0.000130829766658687,0.130829766658687
"102",20211206,9,"B3",710,31,"Sample",34,"6",8e-05,5,NA,294.727636201681,-7.13381512605042,136.730873208476,4.86164593301436,-0.000570705210084034,0.000388931674641149,-8.47648450815714e-05,7.93062826481692e-05,-0.000485940365002462,0.00030962539199298,-9.71880730004924e-05,-0.0971880730004924,6.19250783985959e-05,0.0619250783985959,0.000795565756995442,0.000159113151399088,0.159113151399088
"103",20211206,21,"D3",710,31,"Sample",34,"6",8e-05,5,NA,258.490439141728,-5.33323546019197,143.093415083056,4.588939897312,-0.000426658836815358,0.00036711519178496,-8.47648450815714e-05,7.93062826481692e-05,-0.000341893991733786,0.000287808909136791,-6.83787983467572e-05,-0.0683787983467572,5.75617818273582e-05,0.0575617818273582,0.000629702900870577,0.000125940580174115,0.125940580174115
"104",20211206,4,"A4",710,31,"Sample",34,"6",8e-05,5,NA,218.230401479501,-5.68839572192514,114.982670511405,1.0333637454982,-0.000455071657754011,8.2669099639856e-05,-8.47648450815714e-05,7.93062826481692e-05,-0.00037030681267244,3.36281699168683e-06,-7.4061362534488e-05,-0.074061362534488,6.72563398337365e-07,0.000672563398337365,0.000373669629664127,7.47339259328253e-05,0.0747339259328253
"105",20211206,10,"B4",710,31,"Sample",34,"6",8e-05,5,NA,280.27722263705,-5.81037750300908,168.414720705882,3.47317647058823,-0.000464830200240726,0.000277854117647058,-8.47648450815714e-05,7.93062826481692e-05,-0.000380065355159155,0.000198547834998889,-7.6013071031831e-05,-0.076013071031831,3.97095669997779e-05,0.0397095669997779,0.000578613190158044,0.000115722638031609,0.115722638031609
"106",20211206,16,"C4",710,31,"Sample",34,"6",8e-05,5,NA,310.905521316018,-5.09381818181821,166.038869244429,4.08414752838726,-0.000407505454545457,0.000326731802270981,-8.47648450815714e-05,7.93062826481692e-05,-0.000322740609463885,0.000247425519622812,-6.45481218927771e-05,-0.0645481218927771,4.94851039245623e-05,0.0494851039245623,0.000570166129086697,0.000114033225817339,0.114033225817339
"107",20211206,22,"D4",710,31,"Sample",34,"6",8e-05,5,NA,235.352111428572,-3.90571428571429,166.50430148448,6.28582995951417,-0.000312457142857143,0.000502866396761134,-8.47648450815714e-05,7.93062826481692e-05,-0.000227692297775572,0.000423560114112964,-4.55384595551144e-05,-0.0455384595551144,8.47120228225929e-05,0.0847120228225929,0.000651252411888536,0.000130250482377707,0.130250482377707
"108",20211206,5,"A5",710,31,"Sample",34,"6",8e-05,5,NA,281.657270810811,-6.46108108108108,126.231421712627,2.08158039025963,-0.000516886486486486,0.00016652643122077,-8.47648450815714e-05,7.93062826481692e-05,-0.000432121641404915,8.72201485726012e-05,-8.6424328280983e-05,-0.086424328280983,1.74440297145202e-05,0.0174440297145202,0.000519341789977516,0.000103868357995503,0.103868357995503
"109",20211206,17,"C5",710,31,"Sample",34,"6",8e-05,5,NA,354.23226091695,-7.12326950432214,173.460479180535,6.43172536835954,-0.000569861560345771,0.000514538029468763,-8.47648450815714e-05,7.93062826481692e-05,-0.0004850967152642,0.000435231746820594,-9.701934305284e-05,-0.09701934305284,8.70463493641188e-05,0.0870463493641188,0.000920328462084794,0.000184065692416959,0.184065692416959
"110",20211206,23,"D5",710,31,"Sample",34,"6",8e-05,5,NA,283.281486112821,-5.50038974358974,134.820019728507,3.1489592760181,-0.000440031179487179,0.000251916742081448,-8.47648450815714e-05,7.93062826481692e-05,-0.000355266334405608,0.000172610459433279,-7.10532668811216e-05,-0.0710532668811216,3.45220918866558e-05,0.0345220918866558,0.000527876793838887,0.000105575358767777,0.105575358767777
"111",20211206,6,"A6",710,31,"Sample",34,"6",8e-05,5,NA,268.533813488372,-4.7554756871036,141.792883677151,3.51779370952821,-0.000380438054968288,0.000281423496762257,-8.47648450815714e-05,7.93062826481692e-05,-0.000295673209886717,0.000202117214114088,-5.91346419773433e-05,-0.0591346419773433,4.04234428228175e-05,0.0404234428228175,0.000497790424000804,9.95580848001608e-05,0.0995580848001608
"112",20211206,18,"C6",710,31,"Sample",34,"6",8e-05,5,NA,263.193917865613,-5.81288537549407,120.278695991837,4.31284081632653,-0.000465030830039526,0.000345027265306122,-8.47648450815714e-05,7.93062826481692e-05,-0.000380265984957954,0.000265720982657953,-7.60531969915908e-05,-0.0760531969915908,5.31441965315907e-05,0.0531441965315907,0.000645986967615908,0.000129197393523181,0.129197393523181
"113",20211207,1,"A1",641,27,"Sample",34,"7",8e-05,5,NA,357.510231015385,-5.30227692307694,208.717146059614,3.64434599649328,-0.000424182153846155,0.000291547679719462,-9.30297141285055e-05,-4.5258199080992e-05,-0.00033115243971765,0.000336805878800454,-6.62304879435299e-05,-0.06623048794353,6.73611757600909e-05,0.0673611757600909,0.000667958318518104,0.000133591663703621,0.133591663703621
"114",20211207,7,"B1",641,27,"Sample",34,"7",8e-05,5,NA,300.29940778641,-4.64813218076376,213.847634122622,1.32102889358703,-0.000371850574461101,0.000105682311486962,-9.30297141285055e-05,-4.5258199080992e-05,-0.000278820860332595,0.000150940510567954,-5.57641720665191e-05,-0.0557641720665191,3.01881021135909e-05,0.0301881021135909,0.00042976137090055,8.59522741801099e-05,0.0859522741801099
"115",20211207,13,"C1",641,27,"Sample",34,"7",8e-05,4,NA,371.788585369875,-5.22669786096257,208.663291837621,2.44749075662284,-0.000418135828877006,0.000195799260529827,-9.30297141285055e-05,-4.5258199080992e-05,-0.0003251061147485,0.000241057459610819,-8.1276528687125e-05,-0.081276528687125,6.02643649027048e-05,0.0602643649027048,0.000566163574359319,0.00014154089358983,0.14154089358983
"116",20211207,19,"D1",641,27,"Sample",34,"7",8e-05,5,NA,374.400488918367,-6.26165306122449,226.670412780832,0.530085976039467,-0.000500932244897959,4.24068780831574e-05,-9.30297141285055e-05,-4.5258199080992e-05,-0.000407902530769454,8.76650771641493e-05,-8.15805061538907e-05,-0.0815805061538907,1.75330154328299e-05,0.0175330154328299,0.000495567607933603,9.91135215867206e-05,0.0991135215867206
"117",20211207,2,"A2",641,27,"Sample",34,"7",8e-05,5,NA,409.452477632135,-5.48504580690627,207.921892469636,4.64013130539446,-0.000438803664552502,0.000371210504431557,-9.30297141285055e-05,-4.5258199080992e-05,-0.000345773950423996,0.000416468703512549,-6.91547900847992e-05,-0.0691547900847992,8.32937407025098e-05,0.0832937407025098,0.000762242653936545,0.000152448530787309,0.152448530787309
"118",20211207,14,"C2",641,27,"Sample",34,"7",8e-05,5,NA,439.185163552266,-7.8218316373728,241.374864299346,3.13509891366494,-0.000625746530989824,0.000250807913093195,-9.30297141285055e-05,-4.5258199080992e-05,-0.000532716816861319,0.000296066112174187,-0.000106543363372264,-0.106543363372264,5.92132224348374e-05,0.0592132224348374,0.000828782929035506,0.000165756585807101,0.165756585807101
"119",20211207,20,"D2",641,27,"Sample",34,"7",8e-05,5,NA,401.899940783674,-5.66806530612245,252.430060361211,2.72388996943596,-0.000453445224489796,0.000217911197554877,-9.30297141285055e-05,-4.5258199080992e-05,-0.000360415510361291,0.000263169396635869,-7.20831020722581e-05,-0.0720831020722581,5.26338793271738e-05,0.0526338793271738,0.000623584906997159,0.000124716981399432,0.124716981399432
"120",20211207,3,"A3",641,27,"Sample",34,"7",8e-05,5,NA,341.559766076655,-4.37279442508711,235.301033368421,3.90139849624061,-0.000349823554006969,0.000312111879699249,-9.30297141285055e-05,-4.5258199080992e-05,-0.000256793839878463,0.000357370078780241,-5.13587679756927e-05,-0.0513587679756927,7.14740157560482e-05,0.0714740157560482,0.000614163918658704,0.000122832783731741,0.122832783731741
"121",20211207,9,"B3",641,27,"Sample",34,"7",8e-05,5,NA,421.725085410882,-9.86955347091933,185.448755461931,0.445436868032154,-0.000789564277673546,3.56349494425723e-05,-9.30297141285055e-05,-4.5258199080992e-05,-0.000696534563545041,8.08931485235643e-05,-0.000139306912709008,-0.139306912709008,1.61786297047129e-05,0.0161786297047129,0.000777427712068605,0.000155485542413721,0.155485542413721
"122",20211207,21,"D3",641,27,"Sample",34,"7",8e-05,5,NA,376.075346177419,-8.18853225806452,202.557108672038,0.727776604612394,-0.000655082580645162,5.82221283689915e-05,-9.30297141285055e-05,-4.5258199080992e-05,-0.000562052866516656,0.000103480327449984,-0.000112410573303331,-0.112410573303331,2.06960654899967e-05,0.0206960654899967,0.000665533193966639,0.000133106638793328,0.133106638793328
"123",20211207,4,"A4",641,27,"Sample",34,"7",8e-05,5,NA,304.774694202899,-2.77826086956524,230.550934762628,2.50400564481112,-0.000222260869565219,0.00020032045158489,-9.30297141285055e-05,-4.5258199080992e-05,-0.000129231155436714,0.000245578650665882,-2.58462310873427e-05,-0.0258462310873427,4.91157301331763e-05,0.0491157301331763,0.000374809806102595,7.4961961220519e-05,0.0749619612205191
"124",20211207,10,"B4",641,27,"Sample",34,"7",8e-05,5,NA,363.824688556522,-4.46045217391305,200.625136826319,3.8628640541848,-0.000356836173913044,0.000309029124334784,-9.30297141285055e-05,-4.5258199080992e-05,-0.000263806459784539,0.000354287323415776,-5.27612919569077e-05,-0.0527612919569077,7.08574646831552e-05,0.0708574646831552,0.000618093783200315,0.000123618756640063,0.123618756640063
"125",20211207,16,"C4",641,27,"Sample",34,"7",8e-05,5,NA,383.146740481284,-4.41663101604279,266.703974372294,6.70891774891775,-0.000353330481283423,0.00053671341991342,-9.30297141285055e-05,-4.5258199080992e-05,-0.000260300767154918,0.000581971618994412,-5.20601534309835e-05,-0.0520601534309835,0.000116394323798882,0.116394323798882,0.00084227238614933,0.000168454477229866,0.168454477229866
"126",20211207,22,"D4",641,27,"Sample",34,"7",8e-05,5,NA,437.028744880061,-11.4376959511077,163.746900241178,1.59024617949431,-0.000915015676088616,0.000127219694359545,-9.30297141285055e-05,-4.5258199080992e-05,-0.000821985961960111,0.000172477893440537,-0.000164397192392022,-0.164397192392022,3.44955786881074e-05,0.0344955786881074,0.000994463855400647,0.000198892771080129,0.198892771080129
"127",20211207,5,"A5",641,27,"Sample",34,"7",8e-05,5,NA,388.089871166481,-6.21105228031145,252.269482406063,1.84628285760362,-0.000496884182424916,0.00014770262860829,-9.30297141285055e-05,-4.5258199080992e-05,-0.000403854468296411,0.000192960827689282,-8.07708936592821e-05,-0.0807708936592821,3.85921655378563e-05,0.0385921655378563,0.000596815295985692,0.000119363059197138,0.119363059197138
"128",20211207,11,"B5",641,27,"Sample",34,"7",8e-05,5,NA,422.614375996543,-7.14662669151609,237.804980705598,3.54545591901489,-0.000571730135321287,0.000283636473521191,-9.30297141285055e-05,-4.5258199080992e-05,-0.000478700421192782,0.000328894672602183,-9.57400842385563e-05,-0.0957400842385563,6.57789345204366e-05,0.0657789345204366,0.000807595093794965,0.000161519018758993,0.161519018758993
"129",20211207,17,"C5",641,27,"Sample",34,"7",8e-05,5,NA,399.611465317073,-7.40501045296167,251.391490078799,1.03032645403376,-0.000592400836236934,8.24261163227008e-05,-9.30297141285055e-05,-4.5258199080992e-05,-0.000499371122108428,0.000127684315403693,-9.98742244216856e-05,-0.0998742244216856,2.55368630807386e-05,0.0255368630807386,0.000627055437512121,0.000125411087502424,0.125411087502424
"130",20211207,18,"C6",641,27,"Sample",34,"7",8e-05,5,NA,427.326495806452,-6.89064516129033,215.965207604048,5.20219016272417,-0.000551251612903226,0.000416175213017934,-9.30297141285055e-05,-4.5258199080992e-05,-0.000458221898774721,0.000461433412098926,-9.16443797549442e-05,-0.0916443797549442,9.22866824197851e-05,0.0922866824197851,0.000919655310873647,0.000183931062174729,0.183931062174729
"131",20211207,24,"D6",641,27,"Sample",34,"7",8e-05,5,NA,408.380902644258,-6.9135350140056,278.876133612403,0.997612403100783,-0.000553082801120448,7.98089922480627e-05,-9.30297141285055e-05,-4.5258199080992e-05,-0.000460053086991943,0.000125067191329055,-9.20106173983885e-05,-0.0920106173983885,2.50134382658109e-05,0.0250134382658109,0.000585120278320997,0.000117024055664199,0.117024055664199
"132",20211207,1,"A1",710,34,"Sample",34,"8",8e-05,5,NA,315.495481446154,-3.11203076923077,242.048123928706,1.27661913696059,-0.000248962461538462,0.000102129530956847,-8.890885187329e-05,-5.61475148065915e-05,-0.000160053609665172,0.000158277045763439,-3.20107219330343e-05,-0.0320107219330343,3.16554091526877e-05,0.0316554091526877,0.00031833065542861,6.36661310857221e-05,0.0636661310857221
"133",20211207,7,"B1",710,34,"Sample",34,"8",8e-05,5,NA,250.730703930314,-2.06928222996516,186.521966710382,0.571833287024178,-0.000165542578397213,4.57466629619342e-05,-8.890885187329e-05,-5.61475148065915e-05,-7.66337265239228e-05,0.000101894177768526,-1.53267453047846e-05,-0.0153267453047846,2.03788355537051e-05,0.0203788355537051,0.000178527904292449,3.57055808584897e-05,0.0357055808584897
"134",20211207,13,"C1",710,34,"Sample",34,"8",8e-05,5,NA,556.58054258128,-12.6839014778325,205.25796669107,2.26234335107201,-0.0010147121182266,0.000180987468085761,-8.890885187329e-05,-5.61475148065915e-05,-0.00092580326635331,0.000237134982892352,-0.000185160653270662,-0.185160653270662,4.74269965784705e-05,0.0474269965784705,0.00116293824924566,0.000232587649849132,0.232587649849132
"135",20211207,19,"D1",710,34,"Sample",34,"8",8e-05,5,NA,242.274864871036,-2.26142071881606,180.925290938274,1.22092717493384,-0.000180913657505285,9.76741739947072e-05,-8.890885187329e-05,-5.61475148065915e-05,-9.20048056319948e-05,0.000153821688801299,-1.8400961126399e-05,-0.018400961126399,3.07643377602597e-05,0.0307643377602597,0.000245826494433294,4.91652988866587e-05,0.0491652988866587
"136",20211207,2,"A2",710,34,"Sample",34,"8",8e-05,5,NA,270.869137662745,-3.11651764705882,179.254461190013,0.273681722889271,-0.000249321411764706,2.18945378311417e-05,-8.890885187329e-05,-5.61475148065915e-05,-0.000160412559891416,7.80420526377332e-05,-3.20825119782831e-05,-0.0320825119782831,1.56084105275466e-05,0.0156084105275466,0.000238454612529149,4.76909225058297e-05,0.0476909225058297
"137",20211207,14,"C2",710,34,"Sample",34,"8",8e-05,5,NA,362.091099842365,-5.39706403940887,246.466982590567,2.86084073820916,-0.00043176512315271,0.000228867259056733,-8.890885187329e-05,-5.61475148065915e-05,-0.00034285627127942,0.000285014773863324,-6.85712542558839e-05,-0.0685712542558839,5.70029547726649e-05,0.0570029547726649,0.000627871045142744,0.000125574209028549,0.125574209028549
"138",20211207,20,"D2",710,34,"Sample",34,"8",8e-05,5,NA,329.633287508306,-5.42398671096345,193.029710820408,2.68855918367347,-0.000433918936877076,0.000215084734693878,-8.890885187329e-05,-5.61475148065915e-05,-0.000345010085003786,0.000271232249500469,-6.90020170007572e-05,-0.0690020170007572,5.42464499000938e-05,0.0542464499000938,0.000616242334504255,0.000123248466900851,0.123248466900851
"139",20211207,3,"A3",710,34,"Sample",34,"8",8e-05,5,NA,315.386766951613,-4.75004838709676,211.839254357077,1.13054579093432,-0.000380003870967741,9.04436632747456e-05,-8.890885187329e-05,-5.61475148065915e-05,-0.000291095019094451,0.000146591178081337,-5.82190038188902e-05,-0.0582190038188902,2.93182356162674e-05,0.0293182356162674,0.000437686197175788,8.75372394351576e-05,0.0875372394351576
"140",20211207,9,"B3",710,34,"Sample",34,"8",8e-05,5,NA,317.544611264368,-3.73964969896004,206.146134246069,2.83500462534689,-0.000299171975916803,0.000226800370027751,-8.890885187329e-05,-5.61475148065915e-05,-0.000210263124043513,0.000282947884834343,-4.20526248087026e-05,-0.0420526248087026,5.65895769668685e-05,0.0565895769668685,0.000493211008877856,9.86422017755712e-05,0.0986422017755712
"141",20211207,15,"C3",710,34,"Sample",34,"8",8e-05,5,NA,287.709949271469,-4.41680097680097,197.695948085107,2.49987049028676,-0.000353344078144078,0.000199989639222941,-8.890885187329e-05,-5.61475148065915e-05,-0.000264435226270788,0.000256137154029532,-5.28870452541575e-05,-0.0528870452541575,5.12274308059065e-05,0.0512274308059065,0.00052057238030032,0.000104114476060064,0.104114476060064
"142",20211207,10,"B4",710,34,"Sample",34,"8",8e-05,5,NA,376.596530806451,-7.67306451612903,208.465920670675,0.505101757631824,-0.000613845161290322,4.04081406105459e-05,-8.890885187329e-05,-5.61475148065915e-05,-0.000524936309417033,9.65556554171374e-05,-0.000104987261883406,-0.104987261883406,1.93111310834275e-05,0.0193111310834275,0.00062149196483417,0.000124298392966834,0.124298392966834
"143",20211207,16,"C4",710,34,"Sample",34,"8",8e-05,5,NA,456.012688844898,-9.81531020408163,197.256636840336,2.38303641456583,-0.000785224816326531,0.000190642913165266,-8.890885187329e-05,-5.61475148065915e-05,-0.000696315964453241,0.000246790427971858,-0.000139263192890648,-0.139263192890648,4.93580855943716e-05,0.0493580855943716,0.000943106392425098,0.00018862127848502,0.18862127848502
"144",20211207,22,"D4",710,34,"Sample",34,"8",8e-05,5,NA,342.330197647059,-5.34364145658263,191.711813729121,3.27326094312344,-0.00042749131652661,0.000261860875449875,-8.890885187329e-05,-5.61475148065915e-05,-0.00033858246465332,0.000318008390256467,-6.77164929306641e-05,-0.0677164929306641,6.36016780512934e-05,0.0636016780512934,0.000656590854909787,0.000131318170981957,0.131318170981957
"145",20211207,5,"A5",710,34,"Sample",34,"8",8e-05,5,NA,314.428419960474,-4.56818181818182,222.56066680782,0.450528472637239,-0.000365454545454546,3.60422778109791e-05,-8.890885187329e-05,-5.61475148065915e-05,-0.000276545693581256,9.21897926175706e-05,-5.53091387162511e-05,-0.0553091387162511,1.84379585235141e-05,0.0184379585235141,0.000368735486198826,7.37470972397652e-05,0.0737470972397652
"146",20211207,17,"C5",710,34,"Sample",34,"8",8e-05,5,NA,378.977330317125,-5.55120507399577,229.212214588235,2.28396638655464,-0.000444096405919662,0.000182717310924371,-8.890885187329e-05,-5.61475148065915e-05,-0.000355187554046372,0.000238864825730963,-7.10375108092743e-05,-0.0710375108092743,4.77729651461925e-05,0.0477729651461925,0.000594052379777334,0.000118810475955467,0.118810475955467
"147",20211207,23,"D5",710,34,"Sample",34,"8",8e-05,5,NA,254.222270631015,-2.55948663101603,184.648470510928,0.584667824576635,-0.000204758930481282,4.67734259661308e-05,-8.890885187329e-05,-5.61475148065915e-05,-0.000115850078607992,0.000102920940772722,-2.31700157215985e-05,-0.0231700157215985,2.05841881545445e-05,0.0205841881545445,0.000218771019380715,4.37542038761429e-05,0.0437542038761429
"148",20211207,6,"A6",710,34,"Sample",34,"8",8e-05,5,NA,404.540761302682,-7.17991242474001,231.439097004009,1.57904656182547,-0.000574392993979201,0.000126323724946038,-8.890885187329e-05,-5.61475148065915e-05,-0.000485484142105911,0.000182471239752629,-9.70968284211822e-05,-0.0970968284211822,3.64942479505258e-05,0.0364942479505258,0.00066795538185854,0.000133591076371708,0.133591076371708
"149",20211207,18,"C6",710,34,"Sample",34,"8",8e-05,5,NA,352.533185261538,-6.11270769230769,191.169760303177,1.37640380583777,-0.000489016615384615,0.000110112304467022,-8.890885187329e-05,-5.61475148065915e-05,-0.000400107763511325,0.000166259819273613,-8.0021552702265e-05,-0.080021552702265,3.32519638547226e-05,0.0332519638547226,0.000566367582784938,0.000113273516556988,0.113273516556988
"150",20211207,24,"D6",710,34,"Sample",34,"8",8e-05,5,NA,363.668023592375,-5.8856598240469,222.413640916996,-0.266097496706194,-0.000470852785923752,-2.12877997364955e-05,-8.890885187329e-05,-5.61475148065915e-05,-0.000381943934050462,3.48597150700959e-05,-7.63887868100924e-05,-0.0763887868100924,6.97194301401919e-06,0.00697194301401919,0.000416803649120558,8.33607298241116e-05,0.0833607298241116
"151",20211207,1,"A1",641,27,"Sample",34,"9",8e-05,5,NA,374.93838697318,-5.34428024083195,172.715733087719,5.47239676113361,-0.000427542419266556,0.000437791740890689,-0.000154532547442387,-0.000123276664319191,-0.000273009871824169,0.00056106840520988,-5.46019743648338e-05,-0.0546019743648338,0.000112213681041976,0.112213681041976,0.000834078277034049,0.00016681565540681,0.16681565540681
"152",20211207,13,"C1",641,27,"Sample",34,"9",8e-05,5,NA,401.1813626637,-6.76518798665183,205.696985781536,5.06281042988019,-0.000541215038932146,0.000405024834390415,-0.000154532547442387,-0.000123276664319191,-0.000386682491489759,0.000528301498709606,-7.73364982979519e-05,-0.0773364982979519,0.000105660299741921,0.105660299741921,0.000914983990199366,0.000182996798039873,0.182996798039873
"153",20211207,19,"D1",641,27,"Sample",34,"9",8e-05,5,NA,143.235019411764,-3.02882352941175,118.560632014519,0.249331569719155,-0.00024230588235294,1.99465255775324e-05,-0.000154532547442387,-0.000123276664319191,-8.77733349105531e-05,0.000143223189896724,-1.75546669821106e-05,-0.0175546669821106,2.86446379793447e-05,0.0286446379793447,0.000230996524807277,4.61993049614553e-05,0.0461993049614553
"154",20211207,2,"A2",641,27,"Sample",34,"9",8e-05,5,NA,363.799226819923,-4.85068418171865,161.027946526316,5.03005668016195,-0.000388054734537492,0.000402404534412956,-0.000154532547442387,-0.000123276664319191,-0.000233522187095105,0.000525681198732147,-4.6704437419021e-05,-0.046704437419021,0.000105136239746429,0.105136239746429,0.000759203385827252,0.00015184067716545,0.15184067716545
"155",20211207,8,"B2",641,27,"Sample",34,"9",8e-05,5,NA,342.718193754385,-5.16722807017541,196.659612732543,2.45244795783927,-0.000413378245614033,0.000196195836627142,-0.000154532547442387,-0.000123276664319191,-0.000258845698171646,0.000319472500946333,-5.17691396343292e-05,-0.0517691396343292,6.38945001892666e-05,0.0638945001892666,0.000578318199117979,0.000115663639823596,0.115663639823596
"156",20211207,14,"C2",641,27,"Sample",34,"9",8e-05,5,NA,311.148392118226,-3.41937602627257,194.330763868477,1.01083800904978,-0.000273550082101806,8.08670407239824e-05,-0.000154532547442387,-0.000123276664319191,-0.000119017534659419,0.000204143705043174,-2.38035069318837e-05,-0.0238035069318837,4.08287410086347e-05,0.0408287410086347,0.000323161239702592,6.46322479405185e-05,0.0646322479405185
"157",20211207,3,"A3",641,27,"Sample",34,"9",8e-05,5,NA,318.146242919355,-4.52472580645161,209.472183738657,0.328232797071579,-0.000361978064516129,2.62586237657263e-05,-0.000154532547442387,-0.000123276664319191,-0.000207445517073742,0.000149535288084918,-4.14891034147484e-05,-0.0414891034147484,2.99070576169835e-05,0.0299070576169835,0.000356980805158659,7.13961610317319e-05,0.0713961610317319
"158",20211207,15,"C3",641,27,"Sample",34,"9",8e-05,5,NA,321.075203384616,-4.42553846153847,204.160116110444,0.938583433373348,-0.000354043076923078,7.50866746698678e-05,-0.000154532547442387,-0.000123276664319191,-0.000199510529480691,0.000198363338989059,-3.99021058961381e-05,-0.0399021058961381,3.96726677978118e-05,0.0396726677978118,0.00039787386846975,7.957477369395e-05,0.07957477369395
"159",20211207,21,"D3",641,27,"Sample",34,"9",8e-05,5,NA,220.102968172043,-4.71096774193548,150.283814572869,-0.62489507803121,-0.000376877419354838,-4.99916062424968e-05,-0.000154532547442387,-0.000123276664319191,-0.000222344871912452,7.32850580766944e-05,-4.44689743824903e-05,-0.0444689743824903,1.46570116153389e-05,0.0146570116153389,0.000295629929989146,5.91259859978292e-05,0.0591259859978292
"160",20211207,4,"A4",641,27,"Sample",34,"9",8e-05,5,NA,339.953462627258,-6.65608100711549,192.357629966777,1.57189368770764,-0.000532486480569239,0.000125751495016611,-0.000154532547442387,-0.000123276664319191,-0.000377953933126852,0.000249028159335802,-7.55907866253704e-05,-0.0755907866253704,4.98056318671605e-05,0.0498056318671605,0.000626982092462655,0.000125396418492531,0.125396418492531
"161",20211207,10,"B4",641,27,"Sample",34,"9",8e-05,5,NA,326.379277473684,-4.52715789473684,176.017153224319,2.28707756813417,-0.000362172631578947,0.000182966205450734,-0.000154532547442387,-0.000123276664319191,-0.00020764008413656,0.000306242869769925,-4.15280168273121e-05,-0.0415280168273121,6.1248573953985e-05,0.061248573953985,0.000513882953906485,0.000102776590781297,0.102776590781297
"162",20211207,16,"C4",641,27,"Sample",34,"9",8e-05,4,NA,386.131059428571,-4.26399999999999,203.666317991941,4.72069888338614,-0.000341119999999999,0.000377655910670891,-0.000154532547442387,-0.000123276664319191,-0.000186587452557612,0.000500932574990082,-4.66468631394031e-05,-0.0466468631394031,0.000125233143747521,0.125233143747521,0.000687520027547695,0.000171880006886924,0.171880006886924
"163",20211207,22,"D4",641,27,"Sample",34,"9",8e-05,5,NA,237.241680142857,-5.44757142857142,151.983455050238,0.473030142781596,-0.000435805714285714,3.78424114225277e-05,-0.000154532547442387,-0.000123276664319191,-0.000281273166843327,0.000161119075741719,-5.62546333686653e-05,-0.0562546333686653,3.22238151483438e-05,0.0322238151483438,0.000442392242585046,8.84784485170091e-05,0.0884784485170091
"164",20211207,5,"A5",641,27,"Sample",34,"9",8e-05,5,NA,393.567715663467,-6.37341614906832,186.613715568482,4.53071390798519,-0.000509873291925466,0.000362457112638815,-0.000154532547442387,-0.000123276664319191,-0.000355340744483079,0.000485733776958006,-7.10681488966157e-05,-0.0710681488966158,9.71467553916013e-05,0.0971467553916013,0.000841074521441085,0.000168214904288217,0.168214904288217
"165",20211207,11,"B5",641,27,"Sample",34,"9",8e-05,5,NA,441.716556047863,-8.63703247863248,169.01676002701,4.58532695891742,-0.000690962598290599,0.000366826156713394,-0.000154532547442387,-0.000123276664319191,-0.000536430050848212,0.000490102821032585,-0.000107286010169642,-0.107286010169642,9.8020564206517e-05,0.098020564206517,0.0010265328718808,0.000205306574376159,0.205306574376159
"166",20211207,17,"C5",641,27,"Sample",34,"9",8e-05,5,NA,247.613093753694,-5.43495566502463,164.988732730465,-1.02648731869378,-0.00043479645320197,-8.21189854955024e-05,-0.000154532547442387,-0.000123276664319191,-0.000280263905759583,4.11576788236888e-05,-5.60527811519167e-05,-0.0560527811519167,8.23153576473777e-06,0.00823153576473777,0.000321421584583272,6.42843169166545e-05,0.0642843169166545
"167",20211207,23,"D5",641,27,"Sample",34,"9",8e-05,5,NA,297.805881038961,-4.31844155844157,180.557043036735,3.11607587034814,-0.000345475324675326,0.000249286069627851,-0.000154532547442387,-0.000123276664319191,-0.000190942777232939,0.000372562733947042,-3.81885554465877e-05,-0.0381885554465877,7.45125467894085e-05,0.0745125467894085,0.000563505511179981,0.000112701102235996,0.112701102235996
"168",20211207,18,"C6",641,27,"Sample",34,"9",8e-05,5,NA,392.168738492308,-6.04163076923079,221.896499706499,6.44218029350105,-0.000483330461538463,0.000515374423480084,-0.000154532547442387,-0.000123276664319191,-0.000328797914096076,0.000638651087799275,-6.57595828192153e-05,-0.0657595828192153,0.000127730217559855,0.127730217559855,0.000967449001895351,0.00019348980037907,0.19348980037907
"169",20211207,24,"D6",641,27,"Sample",34,"9",8e-05,5,NA,355.657204150198,-6.52351778656128,188.786929544012,3.2497518037518,-0.000521881422924902,0.000259980144300144,-0.000154532547442387,-0.000123276664319191,-0.000367348875482515,0.000383256808619335,-7.34697750965031e-05,-0.0734697750965031,7.6651361723867e-05,0.076651361723867,0.000750605684101851,0.00015012113682037,0.15012113682037
"170",20211207,1,"A1",710,34,"Sample",34,"A",8e-05,5,NA,213.026686714286,-1.19585714285714,165.222745359307,2.13708225108225,-9.56685714285712e-05,0.00017096658008658,-7.53415498056927e-05,4.55553142872864e-05,-2.03270216228785e-05,0.000125411265799294,-4.06540432457569e-06,-0.00406540432457569,2.50822531598587e-05,0.0250822531598587,0.000145738287422172,2.91476574844344e-05,0.0291476574844344
"171",20211207,7,"B1",710,34,"Sample",34,"A",8e-05,4,NA,236.694169473684,-1.9821052631579,185.945071154088,0.449200473420463,-0.000158568421052632,3.5936037873637e-05,-7.53415498056927e-05,4.55553142872864e-05,-8.32268712469393e-05,-9.61927641364937e-06,-2.08067178117348e-05,-0.0208067178117348,-2.40481910341234e-06,-0.00240481910341234,7.36075948332899e-05,1.84018987083225e-05,0.0184018987083225
"172",20211207,13,"C1",710,34,"Sample",34,"A",8e-05,5,NA,350.699211794872,-8.06395604395604,186.05587982449,1.02195510204082,-0.000645116483516483,8.17564081632656e-05,-7.53415498056927e-05,4.55553142872864e-05,-0.00056977493371079,3.62010938759792e-05,-0.000113954986742158,-0.113954986742158,7.24021877519584e-06,0.00724021877519584,0.00060597602758677,0.000121195205517354,0.121195205517354
"173",20211207,2,"A2",710,34,"Sample",34,"A",8e-05,5,NA,232.002158394203,-4.81170434782609,144.905976256421,2.16960349441693,-0.000384936347826087,0.000173568279553354,-7.53415498056927e-05,4.55553142872864e-05,-0.000309594798020395,0.000128012965266068,-6.19189596040789e-05,-0.0619189596040789,2.56025930532136e-05,0.0256025930532136,0.000437607763286463,8.75215526572925e-05,0.0875215526572925
"174",20211207,14,"C2",710,34,"Sample",34,"A",8e-05,5,NA,245.426760882353,-1.37088235294117,170.435790704346,3.28382481004013,-0.000109670588235294,0.00026270598480321,-7.53415498056927e-05,4.55553142872864e-05,-3.43290384296009e-05,0.000217150670515924,-6.86580768592017e-06,-0.00686580768592017,4.34301341031848e-05,0.0434301341031848,0.000251479708945525,5.0295941789105e-05,0.050295941789105
"175",20211207,20,"D2",710,34,"Sample",34,"A",8e-05,5,NA,351.874862999999,-6.63899999999997,180.335342681633,2.00175102040816,-0.000531119999999998,0.000160140081632653,-7.53415498056927e-05,4.55553142872864e-05,-0.000455778450194305,0.000114584767345366,-9.1155690038861e-05,-0.091155690038861,2.29169534690733e-05,0.0229169534690733,0.000570363217539671,0.000114072643507934,0.114072643507934
"176",20211207,3,"A3",710,34,"Sample",34,"A",8e-05,5,NA,297.303646428571,-4.9392857142857,180.212346318841,3.14075362318841,-0.000395142857142856,0.000251260289855073,-7.53415498056927e-05,4.55553142872864e-05,-0.000319801307337163,0.000205704975567786,-6.39602614674326e-05,-0.0639602614674326,4.11409951135573e-05,0.0411409951135573,0.00052550628290495,0.00010510125658099,0.10510125658099
"177",20211207,9,"B3",710,34,"Sample",34,"A",8e-05,5,NA,325.069755578947,-5.03515789473683,190.406622689679,1.14173567782189,-0.000402812631578946,9.13388542257512e-05,-7.53415498056927e-05,4.55553142872864e-05,-0.000327471081773254,4.57835399384648e-05,-6.54942163546507e-05,-0.0654942163546507,9.15670798769296e-06,0.00915670798769296,0.000373254621711719,7.46509243423437e-05,0.0746509243423437
"178",20211207,15,"C3",710,34,"Sample",34,"A",8e-05,5,NA,194.40805761039,-0.778025974025976,171.679563919317,0.299705371307697,-6.22420779220781e-05,2.39764297046158e-05,-7.53415498056927e-05,4.55553142872864e-05,1.30994718836147e-05,-2.15788845826707e-05,2.61989437672293e-06,0.00261989437672293,-4.31577691653413e-06,-0.00431577691653413,-3.46783564662853e-05,-6.93567129325706e-06,-0.00693567129325706
"179",20211207,21,"D3",710,34,"Sample",34,"A",8e-05,5,NA,256.51636517647,-3.69721008403361,187.240228376503,0.779949121184086,-0.000295776806722689,6.23959296947269e-05,-7.53415498056927e-05,4.55553142872864e-05,-0.000220435256916996,1.68406154074405e-05,-4.40870513833992e-05,-0.0440870513833992,3.36812308148809e-06,0.00336812308148809,0.000237275872324436,4.74551744648873e-05,0.0474551744648873
"180",20211207,4,"A4",710,34,"Sample",34,"A",8e-05,5,NA,221.173933263157,-1.54715789473683,162.877093778423,1.15504596032898,-0.000123772631578946,9.24036768263184e-05,-7.53415498056927e-05,4.55553142872864e-05,-4.84310817732537e-05,4.6848362539032e-05,-9.68621635465073e-06,-0.00968621635465073,9.3696725078064e-06,0.0093696725078064,9.52794443122857e-05,1.90558888624571e-05,0.0190558888624571
"181",20211207,10,"B4",710,34,"Sample",34,"A",8e-05,5,NA,304.615408255935,-6.08028895768837,146.203660798079,1.75940648259304,-0.00048642311661507,0.000140752518607443,-7.53415498056927e-05,4.55553142872864e-05,-0.000411081566809377,9.51972043201568e-05,-8.22163133618754e-05,-0.0822163133618754,1.90394408640314e-05,0.0190394408640314,0.000506278771129534,0.000101255754225907,0.101255754225907
"182",20211207,16,"C4",710,34,"Sample",34,"A",8e-05,5,NA,396.137137020984,-9.32024767801859,167.734215511905,1.59394047619047,-0.000745619814241487,0.000127515238095238,-7.53415498056927e-05,4.55553142872864e-05,-0.000670278264435795,8.19599238079512e-05,-0.000134055652887159,-0.134055652887159,1.63919847615902e-05,0.0163919847615902,0.000752238188243746,0.000150447637648749,0.150447637648749
"183",20211207,5,"A5",710,34,"Sample",34,"A",8e-05,5,NA,320.445398166852,-7.48170856507229,134.419567169288,2.56491211840888,-0.000598536685205783,0.00020519296947271,-7.53415498056927e-05,4.55553142872864e-05,-0.000523195135400091,0.000159637655185424,-0.000104639027080018,-0.104639027080018,3.19275310370848e-05,0.0319275310370848,0.000682832790585515,0.000136566558117103,0.136566558117103
"184",20211207,17,"C5",710,34,"Sample",34,"A",8e-05,4,NA,365.351625989305,-6.70149732620321,182.073958485343,2.45411424528592,-0.000536119786096257,0.000196329139622874,-7.53415498056927e-05,4.55553142872864e-05,-0.000460778236290564,0.000150773825335587,-0.000115194559072641,-0.115194559072641,3.76934563338968e-05,0.0376934563338968,0.000611552061626151,0.000152888015406538,0.152888015406538
"185",20211207,23,"D5",710,34,"Sample",34,"A",8e-05,5,NA,198.964789571428,-1.54014285714283,167.369221623837,0.0912114744301186,-0.000123211428571426,7.29691795440949e-06,-7.53415498056927e-05,4.55553142872864e-05,-4.78698787657337e-05,-3.82583963328769e-05,-9.57397575314673e-06,-0.00957397575314673,-7.65167926657539e-06,-0.00765167926657539,9.61148243285674e-06,1.92229648657135e-06,0.00192229648657135
"186",20211207,6,"A6",710,34,"Sample",34,"A",8e-05,5,NA,339.974941589268,-6.38307533539734,160.994607502016,3.22764715368488,-0.000510646026831787,0.00025821177229479,-7.53415498056927e-05,4.55553142872864e-05,-0.000435304477026094,0.000212656458007504,-8.70608954052189e-05,-0.0870608954052189,4.25312916015008e-05,0.0425312916015008,0.000647960935033598,0.00012959218700672,0.12959218700672
"187",20211207,18,"C6",710,34,"Sample",34,"A",8e-05,5,NA,348.884833582887,-7.11037433155079,166.618080291397,2.35764569842739,-0.000568829946524063,0.000188611655874191,-7.53415498056927e-05,4.55553142872864e-05,-0.00049348839671837,0.000143056341586905,-9.86976793436741e-05,-0.0986976793436741,2.8611268317381e-05,0.028611268317381,0.000636544738305275,0.000127308947661055,0.127308947661055
"188",20211207,24,"D6",710,34,"Sample",34,"A",8e-05,5,NA,236.447556571429,-1.46971428571429,195.572553560976,0.0929756097560978,-0.000117577142857143,7.43804878048782e-06,-7.53415498056927e-05,4.55553142872864e-05,-4.22355930514505e-05,-3.81172655067986e-05,-8.44711861029009e-06,-0.00844711861029009,-7.62345310135972e-06,-0.00762345310135972,4.11832754465187e-06,8.23665508930373e-07,0.000823665508930373
